Ano,Mes,Semana,Data Inicio,Data Fim,Pesado SE,Medio SE,Leve SE,Pesado S,Medio S,Leve S,Pesado NE,Medio NE,Leve NE,Pesado N,Medio N,Leve N,,
2001,7,1,30/06/2001,06/07/2001,684,684,684,141.61,141.61,141.61,684,684,684,684,684,684,,
2001,7,2,07/07/2001,13/07/2001,684,684,684,4,4,4,684,684,684,684,684,684,,
2001,7,3,14/07/2001,20/07/2001,684,684,684,4,4,4,684,684,684,684,684,684,,
2001,7,4,21/07/2001,27/07/2001,684,684,684,86.94,86.94,86.94,684,684,684,684,684,684,,
2001,8,1,28/07/2001,03/08/2001,684,684,684,37.12,37.12,37.12,684,684,684,684,684,684,,
2001,8,2,04/08/2001,10/08/2001,684,684,684,4,4,4,684,684,684,684,684,684,,
2001,8,3,11/08/2001,17/08/2001,684,684,684,37.12,37.12,37.12,684,684,684,684,684,684,,
2001,8,4,18/08/2001,24/08/2001,684,684,684,60.62,60.62,60.62,684,684,684,684,684,684,,
2001,8,5,24/08/2001,31/08/2001,684,684,684,86.94,86.94,86.94,684,684,684,684,684,684,,
2001,9,1,01/09/2001,07/09/2001,684,684,684,93.24,93.24,93.24,684,684,684,684,684,684,,
2001,9,2,08/09/2001,14/09/2001,684,684,684,63.55,63.55,63.55,684,684,684,684,684,684,,
2001,9,3,15/09/2001,21/09/2001,684,684,684,79.72,79.72,79.72,684,684,684,684,684,684,,
2001,9,4,22/09/2001,28/09/2001,336,336,336,63.55,63.55,63.55,562.15,562.15,562.15,336,336,336,,
2001,10,1,29/09/2001,05/10/2001,336,336,336,63.55,63.55,63.55,562.15,562.15,562.15,336,336,336,,
2001,10,2,06/10/2001,12/10/2001,336,336,336,4,4,4,562.15,562.15,562.15,336,336,336,,
2001,10,3,13/10/2001,19/10/2001,336,336,336,4,4,4,562.15,562.15,562.15,336,336,336,,
2001,10,4,20/10/2001,26/10/2001,336,336,336,4,4,4,562.15,562.15,562.15,336,336,336,,
2001,11,1,27/10/2001,02/11/2001,336,336,336,4,4,4,562.15,562.15,562.15,336,336,336,,
2001,11,2,03/11/2001,09/11/2001,336,336,336,41.74,41.74,41.74,562.15,562.15,562.15,336,336,336,,
2001,11,3,10/11/2001,16/11/2001,336,336,336,46.62,46.62,46.62,562.15,562.15,562.15,336,336,336,,
2001,11,4,17/11/2001,23/11/2001,336,336,336,41.74,41.74,41.74,562.15,562.15,562.15,336,336,336,,
2001,11,5,24/11/2001,30/11/2001,336,336,336,31.82,31.82,31.82,562.15,562.15,562.15,336,336,336,,
2001,12,1,01/12/2001,07/12/2001,336,336,336,4,4,4,562.15,562.15,562.15,336,336,336,,
2001,12,2,08/12/2001,14/12/2001,336,336,336,4,4,4,562.15,562.15,562.15,336,336,336,,
2001,12,3,15/12/2001,21/12/2001,336,336,336,49.3,49.3,49.3,562.15,562.15,562.15,336,336,336,,
2001,12,4,22/12/2001,28/12/2001,336,336,336,41.74,41.74,41.74,562.15,562.15,562.15,336,336,336,,
2002,1,1,29/12/2001,31/12/2002,336,336,336,41.74,41.74,41.74,562.15,562.15,562.15,336,336,336,,
2002,1,1,01/01/2002,04/01/2002,336,336,336,41.74,41.74,41.74,562.15,562.15,562.15,4,4,4,,
2002,1,2,05/01/2002,11/01/2002,336,336,336,64.04,64.04,64.04,562.15,562.15,562.15,4,4,4,,
2002,1,3,12/01/2002,18/01/2002,336,336,336,64.04,64.04,64.04,562.15,562.15,562.15,4,4,4,,
2002,1,4,19/01/2002,25/01/2002,336,336,336,64.04,64.04,64.04,562.15,562.15,562.15,4,4,4,,
2002,2,1,26/01/2002,01/02/2002,134.76,134.76,134.76,8.88,8.88,8.88,319.41,319.41,319.41,4.19,4.19,4.19,,
2002,2,2,02/02/2002,08/02/2002,134.76,134.76,134.76,10.82,10.82,10.82,319.41,319.41,319.41,5.17,5.17,5.17,,
2002,2,3,09/02/2002,15/02/2002,9.25,9.25,9.25,8.88,8.88,8.88,319.41,319.41,319.41,4.19,4.19,4.19,,
2002,2,4,16/02/2002,22/02/2002,5.42,5.42,5.42,5.14,5.14,5.14,319.41,319.41,319.41,4,4,4,,
2002,3,1,23/02/2002,28/02/2002,8.14,8.14,8.14,6.97,6.97,6.97,319.41,319.41,319.41,4.49,4.49,4.49,,
2002,3,1,01/03/2002,01/03/2002,8.14,8.14,8.14,6.97,6.97,6.97,4.49,4.49,4.49,4.49,4.49,4.49,,
2002,3,2,02/03/2002,08/03/2002,4.66,4.66,4.66,4.12,4.12,4.12,4,4,4,4,4,4,,
2002,3,3,09/03/2002,15/03/2002,8.7,8.7,8.7,8.38,8.38,8.38,4.88,4.88,4.88,4.88,4.88,4.88,,
2002,3,4,16/03/2002,22/03/2002,13.1,13.1,13.1,12.32,12.32,12.32,7.32,7.32,7.32,7.32,7.32,7.32,,
2002,3,5,23/03/2002,29/03/2002,12.3,12.3,12.3,11.21,11.21,11.21,7.04,7.04,7.04,7.04,7.04,7.04,,
2002,4,1,30/03/2002,05/04/2002,11.64,11.64,11.64,11.64,11.64,11.64,6.17,6.17,6.17,6.17,6.17,6.17,,
2002,4,2,06/04/2002,12/04/2002,10.87,10.87,10.87,11.09,11.09,11.09,5.72,5.72,5.72,5.72,5.72,5.72,,
2002,4,3,13/04/2002,19/04/2002,15.84,15.84,15.84,17.03,17.03,17.03,8.71,8.71,8.71,8.71,8.71,8.71,,
2002,4,4,20/04/2002,26/04/2002,15.96,15.96,15.96,16.37,16.37,16.37,8.75,8.75,8.75,8.75,8.75,8.75,,
2002,5,1,27/04/2002,03/05/2002,20.57,20.09,20.03,20.42,20.09,20.03,4,4,4,20.57,20.09,20.03,,
2002,5,2,04/05/2002,10/05/2002,27.19,25.24,24.87,27.19,26.82,26.29,4.38,4.38,4.38,27.19,25.24,24.87,,
2002,5,3,11/05/2002,17/05/2002,19.58,19.06,18.61,20.43,20.17,19.99,4,4,4,4,4,4,,
2002,5,4,18/05/2002,24/05/2002,21.17,20.86,20.86,23.17,22.83,22.81,4.13,4.13,4.13,4.13,4.13,4.13,,
2002,5,5,25/05/2002,31/05/2002,14.51,13.83,11.11,11.67,11.47,11.11,4,4,4,4,4,4,,
2002,6,1,01/06/2002,07/06/2002,9.4,9.09,8.51,4,4,4,5.57,5.57,5.57,5.57,5.57,5.57,,
2002,6,2,08/06/2002,14/06/2002,14.52,14.21,14.13,14.42,14.21,13.96,7.69,7.69,7.69,7.69,7.69,4.7,,
2002,6,3,15/06/2002,21/06/2002,14.8,14.37,14.37,14.37,14.22,13.31,7.73,7.73,7.73,7.73,7.73,6.17,,
2002,6,4,22/06/2002,28/06/2002,15.75,15.38,15.06,15.06,14.16,13.71,7.61,7.61,7.61,7.61,7.61,4,,
2002,7,1,29/06/2002,05/07/2002,16.33,15.99,15.83,16.15,15.99,15.83,15.89,15.89,15.89,15.89,15.89,15.01,,
2002,7,2,06/07/2002,12/07/2002,17.93,17.91,17.56,17.93,17.91,17.56,17.52,17.52,17.52,17.52,17.52,8.15,,
2002,7,3,13/07/2002,19/07/2002,18.04,17.98,17.75,18.04,17.98,17.75,17.35,17.35,17.35,17.35,11.88,11.12,,
2002,7,4,20/07/2002,26/07/2002,16.31,16.3,16.08,16.31,16.3,16.08,15.59,15.59,15.59,15.59,15.59,6.69,,
2002,8,1,27/07/2002,02/08/2002,14.83,14.71,14.61,17.12,17.12,14.61,15.44,15.44,15.44,14.83,14.71,14.61,,
2002,8,2,03/08/2002,09/08/2002,13.92,13.56,13.56,16.44,16.44,13.56,13.52,13.52,13.52,13.52,13.52,12.92,,
2002,8,3,10/08/2002,16/08/2002,9.51,9.44,9.39,9.47,9.44,9.23,11.72,11.72,11.72,9.51,9.44,9.39,,
2002,8,4,17/08/2002,23/08/2002,10.21,10.11,9.99,10.11,10.11,9.85,12.41,12.41,12.41,10.21,10.11,9.99,,
2002,8,5,24/08/2002,30/08/2002,12.11,11.8,11.79,12.11,12,11.79,14.07,14.07,14.07,12.11,11.8,11.79,,
2002,9,1,31/08/2002,06/09/2002,7,6.98,6.85,7,6.98,6.85,5.93,5.93,5.86,5.93,5.93,5.86,,
2002,9,2,07/09/2002,13/09/2002,6.74,6.51,6.5,7.55,7.55,6.5,5.87,5.81,5.65,5.87,5.81,5.65,,
2002,9,3,14/09/2002,20/09/2002,6.11,5.88,5.86,6.2,6.2,5.86,5.54,5.54,5.54,5.54,5.54,5.54,,
2002,9,4,21/09/2002,27/09/2002,4.99,4.87,4.83,4.83,4.83,4.59,4.93,4.87,4.83,4.93,4.87,4.83,,
2002,10,1,28/09/2002,04/10/2002,4,4,4,4,4,4,4,4,4,4,4,4,,
2002,10,2,05/10/2002,11/10/2002,4,4,4,4,4,4,4,4,4,4,4,4,,
2002,10,3,12/10/2002,18/10/2002,4.35,4.13,4,4,4,4,4.06,4,4,4.06,4,4,,
2002,10,4,19/10/2002,25/10/2002,5.03,4.89,4.8,4,4,4,4.67,4.66,4.55,4.67,4.66,4.55,,
2002,11,1,26/10/2002,01/11/2002,7.29,7.27,7.18,7.29,7.27,7.18,6.77,6.59,6.59,6.77,6.59,6.59,,
2002,11,2,02/11/2002,08/11/2002,7.5,7.27,7.09,4,4,4,6.87,6.71,6.71,6.87,6.71,6.71,,
2002,11,3,09/11/2002,15/11/2002,6.15,6,5.78,4,4,4,5.88,5.64,5.64,6,5.85,5.64,,
2002,11,4,16/11/2002,22/11/2002,6.36,6.29,6.26,4,4,4,6.04,5.88,5.88,6.05,5.88,5.88,,
2002,11,5,23/11/2002,29/11/2002,6.58,6.46,6.18,5.83,5.83,5.39,5.69,5.67,5.67,7.44,7.44,6.18,,
2002,12,1,30/11/2002,06/12/2002,5.66,5.61,5.51,5.21,5.21,5.14,5.66,5.66,5.66,5.84,5.84,5.84,,
2002,12,2,07/12/2002,13/12/2002,5.74,5.7,5.54,4,4,4,5.74,5.74,5.74,7.27,7.27,6.97,,
2002,12,3,14/12/2002,20/12/2002,5.73,5.67,5.57,4,4,4,6.13,6.13,6.13,9.61,9.61,9.21,,
2002,12,4,21/12/2002,27/12/2002,4,4,4,4,4,4,4.01,4.01,4.01,4.01,4.01,4.01,,
2003,1,1,28/12/2002,03/01/2003,4,4,4,4,4,4,4,4,4,4,4,4,,
2003,1,2,04/01/2003,10/01/2003,4.18,4.17,4.17,4.16,4.16,4,5.29,5.25,5.19,5.29,5.25,5.19,,
2003,1,3,11/01/2003,17/01/2003,4,4,4,4,4,4,4,4,4,4,4,4,,
2003,1,4,18/01/2003,24/01/2003,4.12,4.09,4.01,4,4,4,4.25,4.25,4.25,4.12,4.09,4.01,,
2003,1,5,25/01/2003,31/01/2003,4,4,4,4,4,4,4,4,4,4,4,4,,
2003,2,1,01/02/2003,07/02/2003,4,4,4,4,4,4,4,4,4,4,4,4,,
2003,2,2,08/02/2003,14/02/2003,4,4,4,4,4,4,4,4,4,4,4,4,,
2003,2,3,15/02/2003,21/02/2003,4,4,4,4,4,4,4,4,4,4,4,4,,
2003,2,4,22/02/2003,28/02/2003,4,4,4,4,4,4,4,4,4,4,4,4,,
2003,3,1,01/03/2003,07/03/2003,4,4,4,4,4,4,4,4,4,4,4,4,,
2003,3,2,08/03/2003,14/03/2003,4,4,4,4,4,4,4,4,4,4,4,4,,
2003,3,3,15/03/2003,21/03/2003,4,4,4,4,4,4,4,4,4,4,4,4,,
2003,3,4,22/03/2003,28/03/2003,4,4,4,4,4,4,4,4,4,4,4,4,,
2003,4,1,29/03/2003,31/03/2003,4,4,4,4,4,4,4,4,4,4,4,4,,
2003,4,1,01/04/2003,04/04/2003,5.48,5.48,5.48,5.48,5.48,5.48,5.48,5.48,5.48,5.48,5.48,5.48,,1
2003,4,2,05/04/2003,11/04/2003,5.48,5.48,5.48,5.48,5.48,5.48,5.48,5.48,5.48,5.48,5.48,5.48,,2
2003,4,3,12/04/2003,18/04/2003,5.48,5.48,5.48,5.48,5.48,5.48,5.48,5.48,5.48,5.48,5.48,5.48,,3
2003,4,4,19/04/2003,25/04/2003,5.48,5.48,5.48,5.48,5.48,5.48,5.48,5.48,5.48,5.48,5.48,5.48,,4
2003,4,5,26/04/2003,02/05/2003,5.48,5.48,5.48,5.48,5.48,5.48,5.48,5.48,5.48,5.48,5.48,5.48,,5
2003,5,1,03/05/2003,09/05/2003,6.84,6.71,6.51,6.84,6.71,6.51,5.57,5.57,5.57,5.57,5.48,5.48,,6
2003,5,2,10/05/2003,16/05/2003,6.73,6.65,6.6,6.73,6.65,6.6,5.96,5.96,5.96,5.96,5.96,5.48,,7
2003,5,3,17/05/2003,23/05/2003,7.37,7.28,7.18,7.37,7.28,7.18,6.25,6.25,6.25,6.25,6.25,6.25,,8
2003,5,4,24/05/2003,30/05/2003,8.66,8.54,8.44,8.66,8.54,8.44,7.1,7.1,7.09,7.1,7.1,7.09,,9
2003,6,1,31/05/2003,06/06/2003,12.27,12.11,11.83,12.27,12.11,11.83,11.49,11.49,11.49,11.49,11.49,5.48,,10
2003,6,2,07/06/2003,13/06/2003,12.4,12.22,11.87,12.4,12.22,11.87,11.36,11.36,11.23,11.36,11.36,11.23,,11
2003,6,3,14/06/2003,20/06/2003,9.42,9.21,9.05,9.42,9.21,9.05,9.42,9.21,9.05,9.42,9.21,9.05,,12
2003,6,4,21/06/2003,27/06/2003,10.88,10.73,10.66,10.88,10.73,10.66,10.55,10.55,10.55,10.55,10.55,10.55,,13
2003,7,1,28/06/2003,04/07/2003,13.98,13.59,13.27,13.98,13.59,13.27,9.98,9.98,9.98,13.98,13.59,13.27,,14
2003,7,2,05/07/2003,11/07/2003,14.95,14.34,14.29,14.95,14.88,14.29,10.33,10.33,10.33,14.63,14.34,14.29,,15
2003,7,3,12/07/2003,18/07/2003,14.52,13.92,13.56,17.18,17.01,16.83,10.84,10.84,10.84,13.92,13.92,13.56,,16
2003,7,4,19/07/2003,25/07/2003,12.28,12,11.55,12.28,12,11.62,9.04,9.04,9.04,12,12,11.55,,17
2003,7,5,26/07/2003,01/08/2003,12.46,12.18,11.74,12.46,12.18,11.96,9.08,9.08,9.08,12.18,12.18,11.74,,18
2003,8,1,02/08/2003,08/08/2003,16.41,15.66,15.28,17.32,17.17,17.11,13.61,13.06,13.06,15.66,15.66,15.28,,19
2003,8,2,09/08/2003,15/08/2003,19.74,18.81,18.14,19.74,19.4,18.14,14.52,14.28,14.28,19.72,18.81,18.14,,20
2003,8,3,16/08/2003,22/08/2003,18.43,17.57,17.04,20.34,19.03,17.87,13.84,13.62,13.62,17.64,17.57,17.04,,21
2003,8,4,23/08/2003,29/08/2003,17.73,16.9,16.4,22.71,22.39,16.64,12.93,12.93,12.93,16.9,16.9,16.4,,22
2003,9,1,30/08/2003,05/09/2003,17.16,17.11,16.47,19.75,19.7,17.11,14.29,13.71,13.71,17.15,17.11,16.47,,23
2003,9,2,06/09/2003,12/09/2003,18.07,17.85,17.43,22.07,21.79,17.92,14.84,14.24,14.24,18.07,17.85,17.43,,24
2003,9,3,13/09/2003,19/09/2003,17.64,17.07,16.8,20.93,20.93,17.07,13.62,13.62,13.62,17.64,17.07,16.8,,25
2003,9,4,20/09/2003,26/09/2003,18.67,17.94,17.7,22.26,22.04,17.91,16.95,16.95,16.95,18.67,17.94,17.7,,26
2003,10,1,27/09/2003,03/10/2003,24.45,24.2,23.32,24.66,24.42,24.2,20.11,20.11,19.86,24.45,24.2,23.32,,27
2003,10,2,04/10/2003,10/10/2003,27.47,26.74,26.28,27.51,27.51,26.93,21.45,21.45,20.58,27.47,26.74,26.28,,28
2003,10,3,11/10/2003,17/10/2003,27.52,27.01,26.36,28.09,28.04,27.06,20.05,20.05,20.05,27.52,27.01,26.35,,29
2003,10,4,18/10/2003,24/10/2003,23.05,22.9,22.31,23.33,23.26,22.53,17.32,17.32,17.32,22.9,22.9,22.31,,30
2003,10,5,25/10/2003,31/10/2003,28.37,28.12,27.37,28.37,28.37,27.37,20.95,20.95,20.95,28.12,28.12,26.4,,31
2003,11,1,01/11/2003,07/11/2003,24.87,24.6,23.82,27.13,27.13,23.82,20.5,20.5,20.5,24.87,24.6,23.18,,32
2003,11,2,08/11/2003,14/11/2003,28.3,27.95,27.07,31.18,31.18,29.46,23.2,23.2,23.2,28.3,27.95,27.07,,33
2003,11,3,15/11/2003,21/11/2003,33.05,32.59,30.9,35.87,35.87,34.15,27.18,27.18,26.07,33.05,32.59,30.9,,34
2003,11,4,22/11/2003,28/11/2003,29.66,29.63,28.42,29.66,29.63,28.71,29.63,29.63,28.42,29.66,29.63,28.42,,35
2003,12,1,29/11/2003,30/11/2003,25.07,24.96,24.33,25.07,24.96,24.33,22.16,22.16,21.77,25.07,24.96,22.47,,36
2003,12,1,01/12/2003,05/12/2003,25.07,24.96,24.33,25.07,24.96,24.33,82.72,82.72,82.72,25.07,24.96,22.47,,37
2003,12,2,06/12/2003,12/12/2003,23.7,23.7,23.07,23.7,23.7,23.07,82.72,82.72,82.72,23.7,23.7,21.47,,38
2003,12,3,13/12/2003,19/12/2003,16.95,16.95,16.95,16.95,16.95,16.95,16.95,16.95,16.95,16.95,16.95,16.95,,39
2003,12,4,20/12/2003,26/12/2003,19.21,19.08,18.45,19.08,19.08,18.45,18.45,18.45,18.45,19.21,19.08,18.45,,40
2004,1,1,27/12/2003,02/01/2004,17.39,17.39,17.39,17.39,17.39,17.39,58.24,58.24,58.24,17.39,17.39,16.95,,41
2004,1,2,03/01/2004,09/01/2004,27.05,27.05,27.05,27.05,27.05,27.05,412.83,412.83,412.83,27,27,26.91,,42
2004,1,3,10/01/2004,16/01/2004,25.47,25.47,25.12,25.47,25.47,25.12,315.21,315.21,272.57,25.14,25.05,25.05,,43
2004,1,4,17/01/2004,23/01/2004,17.58,17.58,17.58,17.58,17.58,17.58,315.21,315.21,315.21,16.95,16.95,16.95,,44
2004,1,5,24/01/2004,30/01/2004,27.28,27.28,27.28,27.28,27.28,27.28,255.33,255.33,255.33,18.59,18.59,18.59,,45
2004,2,1,31/01/2004,06/02/2004,18.59,18.59,18.59,18.59,18.59,18.59,18.59,18.59,18.59,18.59,18.59,18.59,,46
2004,2,2,07/02/2004,13/02/2004,18.59,18.59,18.59,18.59,18.59,18.59,18.59,18.59,18.59,18.59,18.59,18.59,,47
2004,2,3,14/02/2004,20/02/2004,18.59,18.59,18.59,18.59,18.59,18.59,18.59,18.59,18.59,18.59,18.59,18.59,,48
2004,2,4,21/02/2004,27/02/2004,18.59,18.59,18.59,18.59,18.59,18.59,18.59,18.59,18.59,18.59,18.59,18.59,,49
2004,3,1,28/02/2004,05/03/2004,18.59,18.59,18.59,18.59,18.59,18.59,18.59,18.59,18.59,18.59,18.59,18.59,,50
2004,3,2,06/03/2004,12/03/2004,18.59,18.59,18.59,18.59,18.59,18.59,18.59,18.59,18.59,18.59,18.59,18.59,,51
2004,3,3,13/03/2004,19/03/2004,18.59,18.59,18.59,18.59,18.59,18.59,18.59,18.59,18.59,18.59,18.59,18.59,,52
2004,3,4,20/03/2004,26/03/2004,18.59,18.59,18.59,18.59,18.59,18.59,18.59,18.59,18.59,18.59,18.59,18.59,,53
2004,4,1,27/03/2004,02/04/2004,18.59,18.59,18.59,18.59,18.59,18.59,18.59,18.59,18.59,18.59,18.59,18.59,,54
2004,4,2,03/04/2004,09/04/2004,18.59,18.59,18.59,18.59,18.59,18.59,18.59,18.59,18.59,18.59,18.59,18.59,,55
2004,4,3,10/04/2004,16/04/2004,18.59,18.59,18.59,18.59,18.59,18.59,18.59,18.59,18.59,18.59,18.59,18.59,,56
2004,4,4,17/04/2004,23/04/2004,18.59,18.59,18.59,18.59,18.59,18.59,18.59,18.59,18.59,18.59,18.59,18.59,,57
2004,4,5,24/04/2004,30/04/2004,18.59,18.59,18.59,18.59,18.59,18.59,18.59,18.59,18.59,18.59,18.59,18.59,,58
2004,5,1,01/05/2004,07/05/2004,18.59,18.59,18.59,18.59,18.59,18.59,18.59,18.59,18.59,18.59,18.59,18.59,,59
2004,5,2,08/05/2004,14/05/2004,18.59,18.59,18.59,18.59,18.59,18.59,18.59,18.59,18.59,18.59,18.59,18.59,,60
2004,5,3,15/05/2004,21/05/2004,18.59,18.59,18.59,18.59,18.59,18.59,18.59,18.59,18.59,18.59,18.59,18.59,,61
2004,5,4,22/05/2004,28/05/2004,18.59,18.59,18.59,18.59,18.59,18.59,18.59,18.59,18.59,18.59,18.59,18.59,,62
2004,6,1,29/05/2004,04/06/2004,18.59,18.59,18.59,18.59,18.59,18.59,18.59,18.59,18.59,18.59,18.59,18.59,,63
2004,6,2,05/06/2004,11/06/2004,18.59,18.59,18.59,18.59,18.59,18.59,18.59,18.59,18.59,18.59,18.59,18.59,,64
2004,6,3,12/06/2004,18/06/2004,18.59,18.59,18.59,18.59,18.59,18.59,18.59,18.59,18.59,18.59,18.59,18.59,,65
2004,6,4,19/06/2004,25/06/2004,18.59,18.59,18.59,18.59,18.59,18.59,18.59,18.59,18.59,18.59,18.59,18.59,,66
2004,7,1,26/06/2004,02/07/2004,18.59,18.59,18.59,18.59,18.59,18.59,18.59,18.59,18.59,18.59,18.59,18.59,,67
2004,7,2,03/07/2004,09/07/2004,18.59,18.59,18.59,18.59,18.59,18.59,18.59,18.59,18.59,18.59,18.59,18.59,,68
2004,7,3,10/07/2004,16/07/2004,18.59,18.59,18.59,18.59,18.59,18.59,18.59,18.59,18.59,18.59,18.59,18.59,,69
2004,7,4,17/07/2004,23/07/2004,18.59,18.59,18.59,18.59,18.59,18.59,18.59,18.59,18.59,18.59,18.59,18.59,,70
2004,7,5,24/07/2004,30/07/2004,18.59,18.59,18.59,18.59,18.59,18.59,18.59,18.59,18.59,18.59,18.59,18.59,,71
2004,8,1,31/07/2004,06/08/2004,18.59,18.59,18.59,18.59,18.59,18.59,18.59,18.59,18.59,18.59,18.59,18.59,,72
2004,8,2,07/08/2004,13/08/2004,18.59,18.59,18.59,18.59,18.59,18.59,18.59,18.59,18.59,18.59,18.59,18.59,,73
2004,8,3,14/08/2004,20/08/2004,18.59,18.59,18.59,18.59,18.59,18.59,18.59,18.59,18.59,18.59,18.59,18.59,,74
2004,8,4,21/08/2004,27/08/2004,18.59,18.59,18.59,18.59,18.59,18.59,18.59,18.59,18.59,18.59,18.59,18.59,,75
2004,9,1,28/08/2004,03/09/2004,18.59,18.59,18.59,18.59,18.59,18.59,18.59,18.59,18.59,18.59,18.59,18.59,,76
2004,9,2,04/09/2004,10/09/2004,18.59,18.59,18.59,18.59,18.59,18.59,18.59,18.59,18.59,18.59,18.59,18.59,,77
2004,9,3,11/09/2004,17/09/2004,18.59,18.59,18.59,18.59,18.59,18.59,18.59,18.59,18.59,18.59,18.59,18.59,,78
2004,9,4,18/09/2004,24/09/2004,18.59,18.59,18.59,18.59,18.59,18.59,18.59,18.59,18.59,18.59,18.59,18.59,,79
2004,10,1,25/09/2004,01/10/2004,18.59,18.59,18.59,18.59,18.59,18.59,18.59,18.59,18.59,18.59,18.59,18.59,,80
2004,10,2,02/10/2004,08/10/2004,18.59,18.59,18.59,18.59,18.59,18.59,18.59,18.59,18.59,18.59,18.59,18.59,,81
2004,10,3,09/10/2004,15/10/2004,19.49,19.3,19.3,19.49,19.3,19.3,18.59,18.59,18.59,19.49,19.3,19.3,,82
2004,10,4,16/10/2004,22/10/2004,18.59,18.59,18.59,18.59,18.59,18.59,18.59,18.59,18.59,18.59,18.59,18.59,,83
2004,10,5,23/10/2004,29/10/2004,18.59,18.59,18.59,18.59,18.59,18.59,18.59,18.59,18.59,18.59,18.59,18.59,,84
2004,11,1,30/10/2004,05/11/2004,18.59,18.59,18.59,18.59,18.59,18.59,18.59,18.59,18.59,18.59,18.59,18.59,,85
2004,11,2,06/11/2004,12/11/2004,18.59,18.59,18.59,18.59,18.59,18.59,18.59,18.59,18.59,18.59,18.59,18.59,,86
2004,11,3,13/11/2004,19/11/2004,18.59,18.59,18.59,18.59,18.59,18.59,18.59,18.59,18.59,18.59,18.59,18.59,,87
2004,11,4,20/11/2004,26/11/2004,18.59,18.59,18.59,18.59,18.59,18.59,18.59,18.59,18.59,18.59,18.59,18.59,,88
2004,12,1,27/11/2004,03/12/2004,18.59,18.59,18.59,18.59,18.59,18.59,18.59,18.59,18.59,18.59,18.59,18.59,,89
2004,12,2,04/12/2004,10/12/2004,18.59,18.59,18.59,18.59,18.59,18.59,18.59,18.59,18.59,18.59,18.59,18.59,,90
2004,12,3,11/12/2004,17/12/2004,18.59,18.59,18.59,18.59,18.59,18.59,18.59,18.59,18.59,18.59,18.59,18.59,,91
2004,12,4,18/12/2004,24/12/2004,18.59,18.59,18.59,18.59,18.59,18.59,18.59,18.59,18.59,18.59,18.59,18.59,,92
2004,12,5,25/12/2004,31/12/2004,18.59,18.59,18.59,18.59,18.59,18.59,18.59,18.59,18.59,18.59,18.59,18.59,,93
2005,1,1,01/01/2005,07/01/2005,18.33,18.33,18.33,18.33,18.33,18.33,18.33,18.33,18.33,18.33,18.33,18.33,,94
2005,1,2,08/01/2005,14/01/2005,18.33,18.33,18.33,18.33,18.33,18.33,18.33,18.33,18.33,18.33,18.33,18.33,,95
2005,1,3,15/01/2005,21/01/2005,18.33,18.33,18.33,18.33,18.33,18.33,18.33,18.33,18.33,18.33,18.33,18.33,,96
2005,1,4,22/01/2005,28/01/2005,18.33,18.33,18.33,18.33,18.33,18.33,18.33,18.33,18.33,18.33,18.33,18.33,,97
2005,2,1,29/01/2005,04/02/2005,18.33,18.33,18.33,18.33,18.33,18.33,18.33,18.33,18.33,18.33,18.33,18.33,,98
2005,2,2,05/02/2005,11/02/2005,18.33,18.33,18.33,18.33,18.33,18.33,18.33,18.33,18.33,18.33,18.33,18.33,,99
2005,2,3,12/02/2005,18/02/2005,18.33,18.33,18.33,18.33,18.33,18.33,18.33,18.33,18.33,18.33,18.33,18.33,,100
2005,2,4,19/02/2005,25/02/2005,18.33,18.33,18.33,18.33,18.33,18.33,18.33,18.33,18.33,18.33,18.33,18.33,,101
2005,3,1,26/02/2005,04/03/2005,18.33,18.33,18.33,25.12,25.12,23.7,18.33,18.33,18.33,18.33,18.33,18.33,,102
2005,3,2,05/03/2005,11/03/2005,18.33,18.33,18.33,27.35,27.35,25.66,18.33,18.33,18.33,18.33,18.33,18.33,,103
2005,3,3,12/03/2005,18/03/2005,18.33,18.33,18.33,25.82,25.56,24.21,18.33,18.33,18.33,18.33,18.33,18.33,,104
2005,3,4,19/03/2005,25/03/2005,18.33,18.33,18.33,25.96,25.43,24.31,18.33,18.33,18.33,18.33,18.33,18.33,,105
2005,4,1,26/03/2005,01/04/2005,18.33,18.33,18.33,33.5,32.91,31.01,18.33,18.33,18.33,18.33,18.33,18.33,,106
2005,4,2,02/04/2005,08/04/2005,18.33,18.33,18.33,137.05,134.96,131.02,18.33,18.33,18.33,18.33,18.33,18.33,,107
2005,4,3,09/04/2005,15/04/2005,20.17,19.82,19.74,49.16,47.9,19.74,18.33,18.33,18.33,18.33,18.33,18.33,,108
2005,4,4,16/04/2005,22/04/2005,26.11,25.4,25.03,75.82,74.57,73.01,18.33,18.33,18.33,18.33,18.33,18.33,,109
2005,4,5,23/04/2005,29/04/2005,34.76,33.73,33.31,101.73,99.68,97.02,18.33,18.33,18.33,34.76,18.33,18.33,,110
2005,5,1,30/04/2005,06/05/2005,48.82,47.99,47.99,89.14,86.01,47.99,18.33,18.33,18.33,48.82,18.33,18.33,,111
2005,5,2,07/05/2005,13/05/2005,42.25,42.25,42.25,132.35,126.81,46.06,18.33,18.33,18.33,42.25,18.33,18.33,,112
2005,5,3,14/05/2005,20/05/2005,49.45,49.38,49.38,180.73,177.04,49.38,18.33,18.33,18.33,49.45,18.33,18.33,,113
2005,5,4,21/05/2005,27/05/2005,46,45.92,45.01,67.6,45.92,45.01,18.33,18.33,18.33,18.33,18.33,18.33,,114
2005,6,1,28/05/2005,03/06/2005,28.91,28.76,28.09,28.76,22.42,21.8,18.33,18.33,18.33,18.33,18.33,18.33,,115
2005,6,2,04/06/2005,10/06/2005,18.33,18.33,18.33,18.33,18.33,18.33,18.33,18.33,18.33,18.33,18.33,18.33,,116
2005,6,3,11/06/2005,17/06/2005,31.8,31.55,31.39,31.8,31.55,31.39,18.33,18.33,18.33,31.8,31.55,31.39,,117
2005,6,4,18/06/2005,24/06/2005,31.22,30.52,29.72,27.63,27.24,26.88,18.33,18.33,18.33,31.22,30.52,29.72,,118
2005,7,1,25/06/2005,01/07/2005,24.99,24.38,24.37,24.99,18.33,18.33,18.33,18.33,18.33,24.99,24.38,24.37,,119
2005,7,2,02/07/2005,08/07/2005,27.18,26.34,26.15,26.82,26.34,26.15,18.33,18.33,18.33,27.18,26.34,26.15,,120
2005,7,3,09/07/2005,15/07/2005,33.28,32.74,32.72,33.28,32.74,32.72,18.33,18.33,18.33,33.28,32.74,32.72,,121
2005,7,4,16/07/2005,22/07/2005,36.24,35.42,35.26,36.24,35.42,35.26,18.33,18.33,18.33,36.24,35.42,35.26,,122
2005,7,5,23/07/2005,29/07/2005,34.83,34.31,34.13,34.83,34.31,34.13,18.33,18.33,18.33,34.83,34.31,34.13,,123
2005,8,1,30/07/2005,05/08/2005,29.62,28.63,28.46,29.62,28.63,28.46,18.33,18.33,18.33,29.62,28.63,28.46,,124
2005,8,2,06/08/2005,12/08/2005,27.93,27.49,27.13,27.93,27.49,27.13,18.33,18.33,18.33,27.93,27.49,27.13,,125
2005,8,3,13/08/2005,19/08/2005,38.55,37.79,37.36,38.55,37.79,37.36,18.33,18.33,18.33,38.55,37.79,37.36,,126
2005,8,4,20/08/2005,26/08/2005,34.13,33.46,32.94,34.13,33.46,32.94,18.33,18.33,18.33,34.13,33.46,32.94,,127
2005,9,1,27/08/2005,02/09/2005,48.35,47.48,47.1,48.35,47.48,47.1,19.53,19.4,19.4,48.35,47.48,47.1,,128
2005,9,2,03/09/2005,09/09/2005,40.76,39.76,38.93,40.76,39.76,38.93,18.33,18.33,18.33,40.76,39.76,38.93,,129
2005,9,3,10/09/2005,16/09/2005,33.33,32.05,31.76,33.33,32.05,18.33,18.33,18.33,18.33,33.33,32.05,31.76,,130
2005,9,4,17/09/2005,23/09/2005,29.29,28.06,27.42,29.29,27.42,18.33,18.33,18.33,18.33,29.29,28.06,27.42,,131
2005,9,5,24/09/2005,30/09/2005,24.55,24.14,23.09,24.55,23.09,18.33,18.33,18.33,18.33,24.55,24.14,23.09,,132
2005,10,1,01/10/2005,07/10/2005,39.27,37.28,35.56,18.33,18.33,18.33,18.33,18.33,18.33,39.27,37.28,35.56,,133
2005,10,2,08/10/2005,14/10/2005,43.27,41.18,39.44,43.27,18.33,18.33,18.33,18.33,18.33,43.27,41.18,39.44,,134
2005,10,3,15/10/2005,21/10/2005,45.21,43.06,41.24,18.33,18.33,18.33,18.33,18.33,18.33,45.21,43.06,41.24,,135
2005,10,4,22/10/2005,28/10/2005,52.97,50.62,47.98,18.33,18.33,18.33,19.55,19.55,19.42,52.97,50.62,47.98,,136
2005,11,1,29/10/2005,04/11/2005,50.8,49.73,47.48,18.33,18.33,18.33,21.21,21.01,21.01,50.81,49.73,47.48,,137
2005,11,2,05/11/2005,11/11/2005,33.64,32.72,31,18.33,18.33,18.33,18.58,18.58,18.58,33.64,32.72,31,,138
2005,11,3,12/11/2005,18/11/2005,34.69,33.92,32.06,18.33,18.33,18.33,18.54,18.54,18.54,34.69,33.92,32.06,,139
2005,11,4,19/11/2005,25/11/2005,38.11,37.24,35.5,33.38,33.38,33.35,21.36,21.36,21.36,38.11,37.24,35.5,,140
2005,12,1,26/11/2005,02/12/2005,33.38,32.62,31.8,32.62,32.62,31.8,20.15,20.03,20.03,33.38,32.62,31.8,,141
2005,12,2,03/12/2005,09/12/2005,18.33,18.33,18.33,18.33,18.33,18.33,18.33,18.33,18.33,18.33,18.33,18.33,,142
2005,12,3,10/12/2005,16/12/2005,18.33,18.33,18.33,18.33,18.33,18.33,18.33,18.33,18.33,18.33,18.33,18.33,,143
2005,12,4,17/12/2005,23/12/2005,18.33,18.33,18.33,18.33,18.33,18.33,18.33,18.33,18.33,18.33,18.33,18.33,,144
2005,12,5,24/12/2005,30/12/2005,18.33,18.33,18.33,18.33,18.33,18.33,18.33,18.33,18.33,18.33,18.33,18.33,,145
2006,1,1,31/12/2005,06/01/2006,16.92,16.92,16.92,16.92,16.92,16.92,16.92,16.92,16.92,16.92,16.92,16.92,,146
2006,1,2,07/01/2006,13/01/2006,16.92,16.92,16.92,16.92,16.92,16.92,16.92,16.92,16.92,16.92,16.92,16.92,,147
2006,1,3,14/01/2006,20/01/2006,16.92,16.92,16.92,16.92,16.92,16.92,16.92,16.92,16.92,16.92,16.92,16.92,,148
2006,1,4,21/01/2006,27/01/2006,40.46,40.46,38.35,40.46,40.46,40.05,16.92,16.92,16.92,16.92,16.92,16.92,,149
2006,2,1,28/01/2006,03/02/2006,68.78,68.78,66.75,68.78,68.78,66.75,34.32,34.1,34.1,34.32,34.1,34.1,,150
2006,2,2,04/02/2006,10/02/2006,62.84,62.72,57.13,62.84,62.72,60.15,37.62,37.62,37.37,16.92,16.92,16.92,,151
2006,2,3,11/02/2006,17/02/2006,86.64,86.54,82.97,86.64,86.54,82.97,45.04,45.04,44.74,45.04,45.04,44.74,,152
2006,2,4,18/02/2006,24/02/2006,37.78,36.54,33.04,54.1,54.1,53.07,30.73,30.73,30.53,30.73,30.73,30.53,,153
2006,3,1,25/02/2006,03/03/2006,40,38.93,36.78,43.56,43.36,42.67,40,40,39.74,16.92,16.92,16.92,,154
2006,3,2,04/03/2006,10/03/2006,40.6,40.02,37.85,45.06,45.06,43.75,40.27,40.02,39.76,16.92,16.92,16.92,,155
2006,3,3,11/03/2006,17/03/2006,16.92,16.92,16.92,45.36,45.36,43.91,39.27,39.27,39.01,16.92,16.92,16.92,,156
2006,3,4,18/03/2006,24/03/2006,16.92,16.92,16.92,42.09,42.09,41.08,32.67,32.67,32.67,16.92,16.92,16.92,,157
2006,3,5,25/03/2006,31/03/2006,39.35,38.12,34.37,39.69,39.69,38.65,31.16,30.95,30.95,31.16,30.95,16.92,,158
2006,4,1,01/04/2006,07/04/2006,24.21,23.91,22.46,24.21,23.91,22.83,16.92,16.92,16.92,16.92,16.92,16.92,,159
2006,4,2,08/04/2006,14/04/2006,22.14,21.81,20.78,22.21,22.11,21.6,16.92,16.92,16.92,16.92,16.92,16.92,,160
2006,4,3,15/04/2006,21/04/2006,18.02,17.55,17.06,18.02,17.74,17.06,16.92,16.92,16.92,16.92,16.92,16.92,,161
2006,4,4,22/04/2006,28/04/2006,16.92,16.92,16.92,16.92,16.92,16.92,16.92,16.92,16.92,16.92,16.92,16.92,,162
2006,5,1,29/04/2006,05/05/2006,37.52,36.64,35.76,37.52,37.26,35.76,16.92,16.92,16.92,16.92,16.92,16.92,,163
2006,5,2,06/05/2006,12/05/2006,50.04,49.06,48.9,50.04,49.66,48.9,18.94,18.94,18.82,18.94,16.92,16.92,,164
2006,5,3,13/05/2006,19/05/2006,57.27,56.47,55.75,57.27,56.47,55.75,20.95,20.86,20.72,16.92,16.92,16.92,,165
2006,5,4,20/05/2006,26/05/2006,56.42,55.71,55.29,57.47,56.88,55.32,20.3,20.3,20.16,16.92,16.92,16.92,,166
2006,6,1,27/05/2006,02/06/2006,60.32,60.21,59.6,63.53,62.88,60.21,21.92,21.83,21.83,16.92,16.92,16.92,,167
2006,6,2,03/06/2006,09/06/2006,63.09,61.98,61.31,65.69,65.35,61.31,22.38,22.38,22.38,16.92,16.92,16.92,,168
2006,6,3,10/06/2006,16/06/2006,65.44,64.73,64.5,68.63,67.93,64.73,23.28,23.13,23.13,23.28,23.13,23.13,,169
2006,6,4,17/06/2006,23/06/2006,75.23,74.18,73.91,79.56,78.15,74.18,24.4,24.4,24.4,75.23,74.18,73.91,,170
2006,6,5,24/06/2006,30/06/2006,75.36,73.62,71.6,77.43,76.67,71.6,24.29,24.29,24.29,75.36,73.62,71.6,,171
2006,7,1,01/07/2006,07/07/2006,93.9,93.9,90.66,93.9,93.9,93.9,28.72,28.72,28.72,93.9,93.9,90.66,,172
2006,7,2,08/07/2006,14/07/2006,89.97,89.05,86.34,89.97,89.05,89.05,28.64,28.64,28.45,89.97,89.05,86.34,,173
2006,7,3,15/07/2006,21/07/2006,86.57,85.44,85.07,86.57,85.44,85.07,28.42,28.42,28.42,86.57,85.44,85.07,,174
2006,7,4,22/07/2006,28/07/2006,92.65,91.49,90.49,92.65,91.49,90.49,28.9,28.9,28.71,92.65,91.5,90.49,,175
2006,8,1,29/07/2006,04/08/2006,108.13,105.77,103.63,108.13,105.77,104.9,49.15,49.15,48.83,108.13,105.77,103.63,,176
2006,8,2,05/08/2006,11/08/2006,101.83,100.43,98.44,101.83,100.43,100.43,47.76,47.76,47.76,101.83,100.43,98.44,,177
2006,8,3,12/08/2006,18/08/2006,103.35,100.03,96.45,103.35,100.03,96.45,48.85,48.85,48.85,103.35,100.03,96.45,,178
2006,8,4,19/08/2006,25/08/2006,102.42,97.68,94.53,102.42,97.68,94.53,49.86,49.86,49.59,102.42,97.68,94.53,,179
2006,9,1,26/08/2006,01/09/2006,129.69,127.33,125.24,129.69,127.33,125.24,65,64.88,64.88,129.69,127.33,125.24,,180
2006,9,2,02/09/2006,08/09/2006,128.18,124.67,123.42,128.18,124.67,123.42,67.11,66.71,66.71,128.18,124.67,123.42,,181
2006,9,3,09/09/2006,15/09/2006,120.75,116.72,115.5,120.75,116.72,115.5,66.48,66.48,66.48,120.75,116.72,115.5,,182
2006,9,4,16/09/2006,22/09/2006,131.59,128.09,123.32,131.59,128.09,123.32,70.99,69.88,69.42,131.59,128.09,123.32,,183
2006,9,5,23/09/2006,29/09/2006,132.63,129.81,127.89,132.63,129.81,127.89,74.21,74.21,73.72,132.63,129.81,127.89,,184
2006,10,1,30/09/2006,06/10/2006,110.38,108.98,105.57,110.38,108.98,105.57,52.23,52.23,52.23,110.38,108.98,105.57,,185
2006,10,2,07/10/2006,13/10/2006,115.24,113.89,112.73,115.24,113.89,112.73,52.62,52.62,52.62,115.24,113.89,112.73,,186
2006,10,3,14/10/2006,20/10/2006,82.89,82.18,81.51,82.89,82.18,81.51,48.13,48.13,48.13,82.89,82.18,81.51,,187
2006,10,4,21/10/2006,27/10/2006,82.37,81.53,80.71,82.37,81.53,80.71,45.62,45.62,45.34,82.37,81.53,80.71,,188
2006,11,1,28/10/2006,03/11/2006,70.68,70.22,69.65,70.68,70.22,69.65,24.17,24.17,24.03,70.68,70.22,69.65,,189
2006,11,2,04/11/2006,10/11/2006,94.81,94.81,94.81,94.81,94.81,94.81,33.29,33.29,33.29,94.81,94.81,94.81,,190
2006,11,3,11/11/2006,17/11/2006,68.99,68.65,68.65,68.99,68.65,68.65,23.65,23.65,23.44,68.99,68.65,68.65,,191
2006,11,4,18/11/2006,24/11/2006,79.56,79.56,79.27,79.56,79.56,79.27,23.13,22.99,22.84,79.56,79.56,79.27,,192
2006,11,5,25/11/2006,01/12/2006,86.09,85.75,85.75,86.09,85.75,85.75,16.92,16.92,16.92,86.09,85.75,85.75,,193
2006,12,1,02/12/2006,08/12/2006,79.07,79.07,79.07,79.07,79.07,79.07,19.69,19.69,19.56,79.07,79.07,79.07,,194
2006,12,2,09/12/2006,15/12/2006,71.1,70.35,69.47,71.1,70.35,69.47,16.92,16.92,16.92,71.1,70.35,69.47,,195
2006,12,3,16/12/2006,22/12/2006,53.09,53.09,50.36,53.09,53.09,50.36,16.92,16.92,16.92,16.92,16.92,16.92,,196
2006,12,4,23/12/2006,29/12/2006,37.55,36.73,35.89,37.55,37.03,36.37,16.92,16.92,16.92,16.92,16.92,16.92,,197
2007,1,1,30/12/2006,05/01/2007,37.75,37.75,34.04,49.6,49.6,34.04,17.59,17.59,17.59,17.59,17.59,17.59,,198
2007,1,2,06/01/2007,12/01/2007,28.16,28.16,23.55,38.24,38.24,36.41,17.59,17.59,17.59,17.59,17.59,17.59,,199
2007,1,3,13/01/2007,19/01/2007,17.59,17.59,17.59,17.59,17.59,17.59,17.59,17.59,17.59,17.59,17.59,17.59,,200
2007,1,4,20/01/2007,26/01/2007,17.59,17.59,17.59,17.59,17.59,17.59,17.59,17.59,17.59,17.59,17.59,17.59,,201
2007,2,1,27/01/2007,02/02/2007,17.59,17.59,17.59,17.59,17.59,17.59,17.59,17.59,17.59,17.59,17.59,17.59,,202
2007,2,2,03/02/2007,09/02/2007,17.59,17.59,17.59,17.59,17.59,17.59,17.59,17.59,17.59,17.59,17.59,17.59,,203
2007,2,3,10/02/2007,16/02/2007,17.59,17.59,17.59,17.59,17.59,17.59,17.59,17.59,17.59,17.59,17.59,17.59,,204
2007,2,4,17/02/2007,23/02/2007,17.59,17.59,17.59,17.59,17.59,17.59,17.59,17.59,17.59,17.59,17.59,17.59,,205
2007,2,5,24/02/2007,02/03/2007,17.59,17.59,17.59,17.59,17.59,17.59,17.59,17.59,17.59,17.59,17.59,17.59,,206
2007,3,1,03/03/2007,09/03/2007,17.59,17.59,17.59,17.59,17.59,17.59,17.59,17.59,17.59,17.59,17.59,17.59,,207
2007,3,2,10/03/2007,16/03/2007,17.59,17.59,17.59,17.59,17.59,17.59,17.59,17.59,17.59,17.59,17.59,17.59,,208
2007,3,3,17/03/2007,23/03/2007,17.59,17.59,17.59,17.59,17.59,17.59,17.59,17.59,17.59,17.59,17.59,17.59,,209
2007,3,4,24/03/2007,30/03/2007,17.59,17.59,17.59,17.59,17.59,17.59,17.59,17.59,17.59,17.59,17.59,17.59,,210
2007,4,1,31/03/2007,06/04/2007,17.59,17.59,17.59,17.59,17.59,17.59,17.59,17.59,17.59,17.59,17.59,17.59,,211
2007,4,2,07/04/2007,13/04/2007,63.65,62.64,62.58,63.48,62.58,62.58,17.59,17.59,17.59,17.59,17.59,17.59,,212
2007,4,3,14/04/2007,20/04/2007,54.3,53.76,53.76,53.76,53.76,53.76,33.94,33.94,33.94,17.59,17.59,17.59,,213
2007,4,4,21/04/2007,27/04/2007,57.74,57.31,55.25,55.25,55.25,55.25,35.24,35.03,34.8,35.24,35.03,34.8,,214
2007,5,1,28/04/2007,04/05/2007,55.15,54.7,54.7,54.7,54.7,54.7,43.99,43.7,43.7,43.99,43.7,43.7,,215
2007,5,2,05/05/2007,11/05/2007,37.63,37.25,35.79,20.42,20.42,20.42,32.37,32.35,32.14,32.37,32.35,32.14,,216
2007,5,3,12/05/2007,18/05/2007,45.44,44.71,43.12,19.74,19.74,19.43,36.97,36.73,36.73,36.97,36.73,36.73,,217
2007,5,4,19/05/2007,25/05/2007,50.93,50.6,48.63,17.59,17.59,17.59,39.81,39.73,39.73,39.81,39.73,39.73,,218
2007,6,1,26/05/2007,01/06/2007,122.91,121.9,118.08,17.59,17.59,17.59,122.26,120.33,118.08,122.26,120.33,118.08,,219
2007,6,2,02/06/2007,08/06/2007,105.4,103.51,101.85,29.15,29.15,29.15,104.73,103.51,101.85,104.73,103.51,101.85,,220
2007,6,3,09/06/2007,15/06/2007,119.13,117.73,114.6,54.24,54.24,54.17,119.13,117.4,114.6,119.13,117.4,114.6,,221
2007,6,4,16/06/2007,22/06/2007,78.7,77.47,74.73,68.76,68.76,65.06,78.7,77.47,77.47,78.7,77.47,76.3,,222
2007,6,5,23/06/2007,29/06/2007,84.72,83.53,81.49,81.49,81.49,81.49,84.72,83.53,83.53,84.72,83.53,83.31,,223
2007,7,1,30/06/2007,06/07/2007,139.36,138.98,138.89,139.36,138.98,138.89,131.16,130.69,130.69,139.36,138.98,138.89,,224
2007,7,2,07/07/2007,13/07/2007,142.69,142.14,141.55,142.69,142.14,141.55,132.73,132.73,130.64,142.69,142.14,141.55,,225
2007,7,3,14/07/2007,20/07/2007,133.41,130.65,130.1,130.65,130.65,130.1,133.41,130.1,130.1,133.41,130.65,130.1,,226
2007,7,4,21/07/2007,27/07/2007,120.18,116.88,116.3,116.79,116.79,115.9,120.18,116.88,116.3,120.18,116.88,116.3,,227
2007,8,1,28/07/2007,03/08/2007,61.74,60.44,57.95,57.95,57.95,57.95,61.74,61.66,61.66,61.74,61.66,61.66,,228
2007,8,2,04/08/2007,10/08/2007,29.98,29.52,28.31,17.59,17.59,17.59,35.27,35.27,35.27,29.98,29.52,29.52,,229
2007,8,3,11/08/2007,17/08/2007,29.25,28.23,27.21,27.21,27.21,26.94,37.68,37.68,37.68,37.68,37.68,37.68,,230
2007,8,4,18/08/2007,24/08/2007,35.19,34.01,33.88,33.88,33.88,33.88,41.74,41.67,41.67,41.67,41.67,39.71,,231
2007,8,5,25/08/2007,31/08/2007,59.4,56.92,56.58,56.58,56.58,56.58,61.98,61.98,61.58,61.98,61.98,61.58,,232
2007,9,1,01/09/2007,07/09/2007,129.18,128.1,128.1,129.18,128.1,128.1,126.97,126.51,126.51,129.18,128.1,128.1,,233
2007,9,2,08/09/2007,14/09/2007,132.65,130.81,130.81,132.65,130.81,130.81,132.65,130.81,130.81,132.65,130.81,130.81,,234
2007,9,3,15/09/2007,21/09/2007,150.11,147.26,147.26,150.11,149.41,147.26,150.11,147.26,146.73,150.11,147.26,147.26,,235
2007,9,4,22/09/2007,28/09/2007,189.13,186.16,186.16,189.13,186.16,186.16,189.13,186.16,186.16,189.13,186.16,186.16,,236
2007,10,1,29/09/2007,05/10/2007,168.46,168.46,165.13,168.46,168.46,165.13,168.46,168.46,165.13,168.46,168.46,165.13,,237
2007,10,2,06/10/2007,12/10/2007,173.85,172.08,172.08,173.85,172.08,172.08,173.85,169.29,168.68,173.85,172.08,172.08,,238
2007,10,3,13/10/2007,19/10/2007,207.66,205.54,205.54,207.66,205.54,205.54,207.66,205.54,205.54,207.66,205.54,205.54,,239
2007,10,4,20/10/2007,26/10/2007,211.84,209.96,209.7,211.84,209.96,209.7,211.84,209.96,209.21,211.84,209.96,209.7,,240
2007,11,1,27/10/2007,02/11/2007,237.66,237.66,237.66,237.66,237.66,237.66,237.66,237.66,237.66,237.66,237.66,237.66,,241
2007,11,2,03/11/2007,09/11/2007,224.1,223.89,223.89,224.1,223.89,223.89,224.1,223.89,223.89,224.1,223.89,223.89,,242
2007,11,3,10/11/2007,16/11/2007,182.68,181.3,181.3,182.68,181.3,181.3,182.68,181.3,181.3,182.68,181.3,181.3,,243
2007,11,4,17/11/2007,23/11/2007,150.54,150.54,150.54,150.54,150.54,150.54,150.54,150.54,150.54,150.54,150.54,150.54,,244
2007,11,5,24/11/2007,30/11/2007,170.27,169.65,169.19,170.27,169.65,169.19,170.27,169.65,169.19,170.27,169.65,169.19,,245
2007,12,1,01/12/2007,07/12/2007,189.25,189.25,189.25,189.25,189.25,189.25,189.25,189.25,189.25,189.25,189.25,189.25,,246
2007,12,2,08/12/2007,14/12/2007,212.2,212.2,212.2,212.2,212.2,212.2,212.2,212.2,212.2,212.2,212.2,212.2,,247
2007,12,3,15/12/2007,21/12/2007,200.48,200.48,200.48,200.48,200.48,200.48,200.48,200.48,200.48,200.48,200.48,200.48,,248
2007,12,4,22/12/2007,28/12/2007,199.76,199.76,199.76,199.76,199.76,199.76,199.76,199.76,199.76,199.76,199.76,199.76,,249
2008,1,1,29/12/2007,04/01/2008,247.01,247.01,247.01,247.01,247.01,247.01,247.01,247.01,247.01,247.01,247.01,247.01,,250
2008,1,2,05/01/2008,11/01/2008,475.53,473.3,472.21,475.53,473.3,472.21,475.53,473.3,472.21,475.53,473.3,472.21,,251
2008,1,3,12/01/2008,18/01/2008,569.59,569.59,569.59,569.59,569.59,569.59,569.59,569.59,569.59,569.59,569.59,569.59,,252
2008,1,4,19/01/2008,25/01/2008,569.59,569.59,569.59,569.59,569.59,569.59,548.14,548.14,548.14,569.59,569.59,569.59,,253
2008,2,1,26/01/2008,01/02/2008,550.28,550.28,550.28,550.28,550.28,550.28,550.28,550.28,550.28,550.28,550.28,550.28,,254
2008,2,2,02/02/2008,08/02/2008,256.05,255.93,253.32,256.05,255.93,253.32,256.05,256.05,256.05,256.05,256.05,253.32,,255
2008,2,3,09/02/2008,15/02/2008,124.75,122.93,122.33,124.75,124.75,122.33,126.3,126.3,126.3,124.75,122.93,122.33,,256
2008,2,4,16/02/2008,22/02/2008,163.45,163.45,155.84,163.45,163.45,155.84,180.33,180.33,180.33,163.45,163.45,155.84,,257
2008,2,5,23/02/2008,29/02/2008,217.48,216.94,207.36,217.48,216.94,207.36,247.02,247.02,247.02,217.48,216.94,207.36,,258
2008,3,1,01/03/2008,07/03/2008,140.14,140.01,137.23,140.14,140.08,137.23,137.69,135.19,135.19,137.69,135.19,135.19,,259
2008,3,2,08/03/2008,14/03/2008,135.26,135.26,129.66,135.26,135.26,129.66,127.15,125.78,124.86,127.15,125.78,124.86,,260
2008,3,3,15/03/2008,21/03/2008,179.91,174.41,173.39,179.91,178.54,173.39,168.71,167.6,167.6,168.71,167.6,167.6,,261
2008,3,4,22/03/2008,28/03/2008,80.48,71.08,63.99,85.52,85.52,63.99,80.48,80.48,80.48,80.48,71.08,63.99,,262
2008,4,1,29/03/2008,04/04/2008,88.21,85.23,82.27,93.36,93.36,82.27,85.8,85.23,85.23,85.8,85.23,15.47,,263
2008,4,2,05/04/2008,11/04/2008,121.95,117.14,115.62,124.13,124.13,115.62,113.25,113.25,113.25,113.25,113.25,15.47,,264
2008,4,3,12/04/2008,18/04/2008,70.01,68.18,68.18,74.01,74.01,68.18,70.01,68.18,68.18,70.01,68.18,15.47,,265
2008,4,4,19/04/2008,25/04/2008,48.74,43.94,15.47,51.6,51.08,15.47,48.74,48.24,48.24,48.74,43.94,15.47,,266
2008,5,1,26/04/2008,02/05/2008,42.11,41.33,39.19,42.11,41.38,39.19,42.11,41.33,41.33,42.11,41.33,15.47,,267
2008,5,2,03/05/2008,09/05/2008,29.66,29.32,28.48,29.66,29.32,28.48,29.66,29.32,29.32,29.66,29.32,15.47,,268
2008,5,3,10/05/2008,16/05/2008,15.47,15.47,15.47,15.47,15.47,15.47,15.47,15.47,15.47,15.47,15.47,15.47,,269
2008,5,4,17/05/2008,23/05/2008,34.77,34.29,33.45,34.77,34.29,33.45,34.77,34.29,34.29,34.77,34.29,15.47,,270
2008,5,5,24/05/2008,30/05/2008,51.62,51.11,49.34,51.62,51.11,49.34,51.62,51.11,51.11,51.62,51.11,15.47,,271
2008,6,1,31/05/2008,06/06/2008,76.89,76.12,76.12,76.89,76.12,76.12,72.61,71.85,71.85,72.61,71.85,71.85,,272
2008,6,2,07/06/2008,13/06/2008,77.02,76.16,76.03,77.02,76.16,76.03,77.02,76.16,76.03,77.02,76.16,76.03,,273
2008,6,3,14/06/2008,20/06/2008,71.74,70.5,69.88,71.74,70.5,69.88,71.74,70.51,69.88,71.74,70.51,69.88,,274
2008,6,4,21/06/2008,27/06/2008,77.73,76.72,76.72,77.73,76.72,76.72,77.73,76.72,76.72,77.73,76.72,76.72,,275
2008,7,1,28/06/2008,04/07/2008,89.07,88.11,88.11,89.07,88.11,88.11,89.07,88.11,88.11,89.07,88.11,88.11,,276
2008,7,2,05/07/2008,11/07/2008,91.79,91.32,91.32,91.79,91.32,91.32,91.79,91.32,91.32,91.79,91.32,91.32,,277
2008,7,3,12/07/2008,18/07/2008,103.31,102.58,102.53,103.31,102.58,102.53,103.31,102.58,102.53,103.31,102.58,102.53,,278
2008,7,4,19/07/2008,25/07/2008,111.69,110.23,110.12,111.69,110.23,110.12,111.69,110.23,110.12,111.69,110.23,110.12,,279
2008,8,1,26/07/2008,01/08/2008,147.75,146.66,145.35,147.75,146.66,145.35,147.75,146.66,145.35,147.75,146.66,145.35,,280
2008,8,2,02/08/2008,08/08/2008,140.43,138.64,138.25,140.43,138.64,138.25,140.43,138.64,138.25,140.43,138.64,138.25,,281
2008,8,3,09/08/2008,15/08/2008,121.54,117.87,117.49,121.54,117.87,117.49,121.54,117.87,117.49,121.54,117.87,117.49,,282
2008,8,4,16/08/2008,22/08/2008,81.49,80.13,77.05,77.05,77.05,77.05,81.49,80.13,77.05,81.49,80.13,77.05,,283
2008,8,5,23/08/2008,29/08/2008,74.29,72.65,69.38,66.79,66.79,66.79,74.06,72.65,69.38,74.29,72.65,69.38,,284
2008,9,1,30/08/2008,05/09/2008,96.02,93.25,93.25,93.25,93.25,93.25,96.02,93.25,93.25,96.02,93.25,93.25,,285
2008,9,2,06/09/2008,12/09/2008,109.04,105.83,105.62,106.66,105.83,105.62,108.86,105.83,105.62,109.04,105.83,105.62,,286
2008,9,3,13/09/2008,19/09/2008,122.97,119.06,118.04,118.04,118.04,118.04,122.48,119.06,118.04,122.97,119.06,118.04,,287
2008,9,4,20/09/2008,26/09/2008,126.19,121.19,120.97,120.97,120.97,120.97,126.19,121.19,120.97,126.19,121.19,120.97,,288
2008,10,1,27/09/2008,03/10/2008,101.8,100.39,100.23,101.8,100.39,100.23,101.8,100.39,100.23,101.8,100.39,100.23,,289
2008,10,2,04/10/2008,10/10/2008,98.98,98.1,97.53,98.98,98.1,97.53,98.98,98.1,97.53,98.98,98.1,97.53,,290
2008,10,3,11/10/2008,17/10/2008,76.91,75.98,74.28,74.51,74.34,74.28,76.91,75.98,74.28,76.91,75.98,74.28,,291
2008,10,4,18/10/2008,24/10/2008,94.07,93.23,93.2,94.07,93.23,93.2,94.07,93.23,93.2,94.07,93.23,93.2,,292
2008,10,5,25/10/2008,31/10/2008,100.76,99.75,98.71,100.76,99.75,98.71,100.76,99.75,98.71,100.76,99.75,98.71,,293
2008,11,1,01/11/2008,07/11/2008,105.42,105.39,103.73,103.73,103.73,36.41,105.42,105.39,103.73,105.42,105.39,103.73,,294
2008,11,2,08/11/2008,14/11/2008,120.15,120.12,115.28,104.08,104.08,104.08,120.15,120.12,115.28,120.15,120.12,115.28,,295
2008,11,3,15/11/2008,21/11/2008,113.85,113.75,109.17,100.21,100.21,100.21,113.85,113.75,109.17,113.85,113.75,109.17,,296
2008,11,4,22/11/2008,28/11/2008,93.74,93.6,91.04,91.04,91.04,91.04,93.74,93.6,91.04,93.74,93.6,91.04,,297
2008,12,1,29/11/2008,05/12/2008,97.08,95.35,95.35,95.35,95.35,95.35,97.08,95.35,95.35,97.08,95.35,95.35,,298
2008,12,2,06/12/2008,12/12/2008,103.56,103.56,103.42,103.56,103.56,103.42,103.56,103.56,103.42,103.56,103.56,103.42,,299
2008,12,3,13/12/2008,19/12/2008,113.15,113.15,113.15,113.15,113.15,113.15,113.15,113.15,113.15,113.15,113.15,113.15,,300
2008,12,4,20/12/2008,26/12/2008,91.74,91.74,91.34,91.74,91.74,91.34,91.74,91.74,91.34,91.74,91.74,91.34,,301
2009,1,1,27/12/2008,02/01/2009,74.16,74.1,74.1,74.16,74.1,74.1,74.16,74.1,74.1,74.16,74.1,74.1,,302
2009,1,2,03/01/2009,09/01/2009,28.13,28.13,28.13,28.13,28.13,28.13,26.95,26.95,25.86,26.95,26.95,25.86,,303
2009,1,3,10/01/2009,16/01/2009,62.66,62.66,62.27,62.66,62.66,62.27,62.08,61.21,61.21,62.08,61.21,61.21,,304
2009,1,4,17/01/2009,23/01/2009,140.66,140.59,137.52,140.66,140.59,137.52,125.44,125.44,125.44,127.66,125.44,125.44,,305
2009,1,5,24/01/2009,30/01/2009,110.71,110.54,108.4,110.71,110.71,108.4,107.59,107.59,107.59,107.59,107.59,107.59,,306
2009,2,1,31/01/2009,06/02/2009,65.4,65.4,65.15,65.4,65.4,65.15,16.31,16.31,16.31,16.31,16.31,16.31,,307
2009,2,2,07/02/2009,13/02/2009,75.61,75.61,61.44,75.61,75.61,61.44,27.06,27.06,27.06,27.06,27.06,27.06,,308
2009,2,3,14/02/2009,20/02/2009,66.27,63.49,43.08,84.64,84.64,84.55,43.68,43.68,43.08,43.68,43.68,43.08,,309
2009,2,4,21/02/2009,27/02/2009,16.31,16.31,16.31,65.87,65.87,16.31,16.31,16.31,16.31,16.31,16.31,16.31,,310
2009,3,1,28/02/2009,06/03/2009,65.58,65.33,59.91,65.58,65.33,59.91,62.42,61.47,59.91,62.42,61.47,59.91,,311
2009,3,2,07/03/2009,13/03/2009,84.39,83.59,80.7,84.39,83.59,80.7,80.18,76.91,76.91,16.31,16.31,16.31,,312
2009,3,3,14/03/2009,20/03/2009,109.29,108.2,106.95,109.29,108.2,106.95,96.86,95.73,95.73,16.31,16.31,16.31,,313
2009,3,4,21/03/2009,27/03/2009,101.79,98.2,94.06,101.79,101.58,94.06,93.21,91.75,91.75,16.31,16.31,16.31,,314
2009,4,1,28/03/2009,03/04/2009,108.31,106.33,105.13,108.31,106.33,105.13,97.98,97.98,97.34,16.31,16.31,16.31,,315
2009,4,2,04/04/2009,10/04/2009,49.38,31.61,16.31,49.38,49.27,16.31,31.22,31.02,29.95,16.31,16.31,16.31,,316
2009,4,3,11/04/2009,17/04/2009,51.64,50.04,49.12,51.64,50.21,49.12,16.31,16.31,16.31,16.31,16.31,16.31,,317
2009,4,4,18/04/2009,24/04/2009,40.24,37.93,37.93,40.24,40.06,37.93,16.31,16.31,16.31,16.31,16.31,16.31,,318
2009,4,5,25/04/2009,01/05/2009,46.66,45.58,45.12,46.66,46.05,45.12,16.31,16.31,16.31,16.31,16.31,16.31,,319
2009,5,1,02/05/2009,08/05/2009,46.98,45.76,45.76,46.98,45.76,45.76,36.45,36.45,36.21,16.31,16.31,16.31,,320
2009,5,2,09/05/2009,15/05/2009,36.89,36.21,36.21,37,36.73,36.21,29.05,28.87,28.68,16.31,16.31,16.31,,321
2009,5,3,16/05/2009,22/05/2009,37.29,36.1,36.1,37.29,36.3,36.1,28.87,28.87,28.68,16.31,16.31,16.31,,322
2009,5,4,23/05/2009,29/05/2009,37.87,37.05,36.99,37.87,37.05,36.99,29.67,29.67,29.47,16.31,16.31,16.31,,323
2009,6,1,30/05/2009,05/06/2009,38.48,37.59,37.59,38.48,37.59,37.59,27.35,26.94,26.94,16.31,16.31,16.31,,324
2009,6,2,06/06/2009,12/06/2009,35.14,34.97,34.97,35.14,34.97,34.97,26.14,25.56,25.39,16.31,16.31,16.31,,325
2009,6,3,13/06/2009,19/06/2009,41.54,40.8,40.8,41.54,40.8,40.8,28.93,28.93,28.74,16.31,16.31,16.31,,326
2009,6,4,20/06/2009,26/06/2009,43.11,42.72,42.68,43.11,42.72,42.68,31.07,30.17,30.17,31.07,30.17,30.17,,327
2009,7,1,27/06/2009,03/07/2009,51.96,51.6,51.6,51.96,51.6,51.6,43.08,43.08,43.08,43.08,43.08,43.08,,328
2009,7,2,04/07/2009,10/07/2009,39.62,38.84,38.84,39.62,38.84,38.84,30.4,30.4,30.4,30.4,30.4,30.4,,329
2009,7,3,11/07/2009,17/07/2009,31.78,31.46,31.28,31.78,31.46,31.28,25.45,25.45,25.45,25.45,25.45,25.45,,330
2009,7,4,18/07/2009,24/07/2009,21,20.76,20.73,21,20.76,20.73,17.32,17.32,17.31,17.32,17.32,17.31,,331
2009,7,5,25/07/2009,31/07/2009,21.67,21.5,21.45,21.67,21.5,21.45,21.67,21.5,21.45,21.67,21.5,21.45,,332
2009,8,1,01/08/2009,07/08/2009,16.31,16.31,16.31,16.31,16.31,16.31,16.31,16.31,16.31,16.31,16.31,16.31,,333
2009,8,2,08/08/2009,14/08/2009,16.31,16.31,16.31,16.31,16.31,16.31,16.31,16.31,16.31,16.31,16.31,16.31,,334
2009,8,3,15/08/2009,21/08/2009,16.31,16.31,16.31,16.31,16.31,16.31,16.31,16.31,16.31,16.31,16.31,16.31,,335
2009,8,4,22/08/2009,28/08/2009,16.31,16.31,16.31,16.31,16.31,16.31,16.31,16.31,16.31,16.31,16.31,16.31,,336
2009,9,1,29/08/2009,04/09/2009,16.31,16.31,16.31,16.31,16.31,16.31,16.31,16.31,16.31,16.31,16.31,16.31,,337
2009,9,2,05/09/2009,11/09/2009,16.31,16.31,16.31,16.31,16.31,16.31,16.31,16.31,16.31,16.31,16.31,16.31,,338
2009,9,3,12/09/2009,18/09/2009,16.31,16.31,16.31,16.31,16.31,16.31,16.31,16.31,16.31,16.31,16.31,16.31,,339
2009,9,4,19/09/2009,25/09/2009,16.31,16.31,16.31,16.31,16.31,16.31,16.31,16.31,16.31,16.31,16.31,16.31,,340
2009,10,1,26/09/2009,02/10/2009,16.31,16.31,16.31,16.31,16.31,16.31,16.31,16.31,16.31,16.31,16.31,16.31,,341
2009,10,2,03/10/2009,09/10/2009,16.31,16.31,16.31,16.31,16.31,16.31,16.31,16.31,16.31,16.31,16.31,16.31,,342
2009,10,3,10/10/2009,16/10/2009,16.31,16.31,16.31,16.31,16.31,16.31,16.31,16.31,16.31,16.31,16.31,16.31,,343
2009,10,4,17/10/2009,23/10/2009,16.31,16.31,16.31,16.31,16.31,16.31,16.31,16.31,16.31,16.31,16.31,16.31,,344
2009,10,5,24/10/2009,30/10/2009,16.31,16.31,16.31,16.31,16.31,16.31,16.31,16.31,16.31,16.31,16.31,16.31,,345
2009,11,1,31/10/2009,06/11/2009,16.31,16.31,16.31,16.31,16.31,16.31,16.31,16.31,16.31,16.31,16.31,16.31,,346
2009,11,2,07/11/2009,13/11/2009,16.31,16.31,16.31,16.31,16.31,16.31,16.31,16.31,16.31,16.31,16.31,16.31,,347
2009,11,3,14/11/2009,20/11/2009,16.31,16.31,16.31,16.31,16.31,16.31,16.31,16.31,16.31,16.31,16.31,16.31,,348
2009,11,4,21/11/2009,27/11/2009,16.31,16.31,16.31,16.31,16.31,16.31,16.31,16.31,16.31,16.31,16.31,16.31,,349
2009,12,1,28/11/2009,04/12/2009,16.31,16.31,16.31,16.31,16.31,16.31,16.31,16.31,16.31,16.31,16.31,16.31,,350
2009,12,2,05/12/2009,11/12/2009,16.31,16.31,16.31,16.31,16.31,16.31,16.31,16.31,16.31,16.31,16.31,16.31,,351
2009,12,3,12/12/2009,18/12/2009,16.31,16.31,16.31,16.31,16.31,16.31,16.31,16.31,16.31,16.31,16.31,16.31,,352
2009,12,4,19/12/2009,25/12/2009,16.31,16.31,16.31,16.31,16.31,16.31,16.31,16.31,16.31,16.31,16.31,16.31,,353
2009,12,5,26/12/2009,01/01/2010,16.31,16.31,16.31,16.31,16.31,16.31,16.31,16.31,16.31,16.31,16.31,16.31,,354
2010,1,1,02/01/2010,08/01/2010,12.8,12.8,12.8,12.8,12.8,12.8,12.8,12.8,12.8,12.8,12.8,12.8,,355
2010,1,2,09/01/2010,15/01/2010,12.8,12.8,12.8,12.8,12.8,12.8,12.8,12.8,12.8,12.8,12.8,12.8,,356
2010,1,3,16/01/2010,22/01/2010,12.8,12.8,12.8,12.8,12.8,12.8,12.8,12.8,12.8,12.8,12.8,12.8,,357
2010,1,4,23/01/2010,29/01/2010,12.8,12.8,12.8,12.8,12.8,12.8,12.8,12.8,12.8,12.8,12.8,12.8,,358
2010,2,1,30/01/2010,05/02/2010,12.8,12.8,12.8,12.8,12.8,12.8,12.8,12.8,12.8,12.8,12.8,12.8,,359
2010,2,2,06/02/2010,12/02/2010,12.8,12.8,12.8,12.8,12.8,12.8,12.8,12.8,12.8,12.8,12.8,12.8,,360
2010,2,3,13/02/2010,19/02/2010,12.8,12.8,12.8,12.8,12.8,12.8,14.84,14.84,14.84,12.8,12.8,12.8,,361
2010,2,4,20/02/2010,26/02/2010,12.8,12.8,12.8,12.8,12.8,12.8,16.97,16.97,16.97,12.8,12.8,12.8,,362
2010,3,1,27/02/2010,05/03/2010,33.29,31.34,23.28,33.29,31.34,23.28,34.81,34.56,34.56,33.29,31.34,23.28,,363
2010,3,2,06/03/2010,12/03/2010,17.7,17.57,12.8,17.7,17.57,12.8,20.89,20.89,20.89,17.7,17.57,12.8,,364
2010,3,3,13/03/2010,19/03/2010,25.99,25.7,12.8,25.99,25.7,12.8,25.99,25.7,25.55,25.99,25.7,12.8,,365
2010,3,4,20/03/2010,26/03/2010,36.72,36.17,35.05,36.72,36.17,35.05,36.67,36.17,35.38,36.67,36.17,35.05,,366
2010,4,1,27/03/2010,02/04/2010,38.83,38.19,37.15,38.83,38.19,37.15,38.83,38.19,38.19,38.83,38.19,37.15,,367
2010,4,2,03/04/2010,09/04/2010,26.76,26.09,12.8,26.76,26.09,12.8,26.76,26.58,26.58,26.76,26.09,12.8,,368
2010,4,3,10/04/2010,16/04/2010,12.8,12.8,12.8,12.8,12.8,12.8,20.63,20.63,20.63,12.8,12.8,12.8,,369
2010,4,4,17/04/2010,23/04/2010,24.81,24.47,23.26,24.81,24.47,23.26,24.62,24.47,23.48,24.62,24.47,23.26,,370
2010,4,5,24/04/2010,30/04/2010,24,23.67,22.09,24,23.67,22.09,23.67,23.67,22.71,23.67,23.67,22.09,,371
2010,5,1,01/05/2010,07/05/2010,25.16,24.87,22.35,25.16,24.87,13.46,25.16,25.01,25.01,25.16,24.87,22.35,,372
2010,5,2,08/05/2010,14/05/2010,30.27,29.69,22.87,30.27,29.69,12.8,30.6,30.6,30.6,30.27,29.69,22.87,,373
2010,5,3,15/05/2010,21/05/2010,33.77,33.05,32.43,33.77,33.05,32.43,34.48,34.48,34.48,33.77,33.05,32.43,,374
2010,5,4,22/05/2010,28/05/2010,36.25,35.22,34.49,36.25,35.22,27.9,36.25,36.25,36.25,36.25,35.22,34.57,,375
2010,6,1,29/05/2010,04/06/2010,58.07,56.44,56.07,58.07,56.44,56.07,58.07,56.44,56.07,58.07,56.44,56.07,,376
2010,6,2,05/06/2010,11/06/2010,61.38,60.86,59.9,61.38,60.86,59.9,61.38,60.86,59.9,61.38,60.86,59.9,,377
2010,6,3,12/06/2010,18/06/2010,60.48,59.88,59.49,60.48,59.88,59.49,60.48,59.88,59.49,60.48,59.88,59.49,,378
2010,6,4,19/06/2010,25/06/2010,66.05,65.88,65.43,66.05,65.88,65.43,66.05,65.88,65.43,66.05,65.88,65.43,,379
2010,7,1,26/06/2010,02/07/2010,103.36,100.61,99.67,103.36,100.61,99.67,110.68,110.68,110.68,110.68,110.68,110.68,,380
2010,7,2,03/07/2010,09/07/2010,104.59,102.75,102.29,104.59,102.75,102.29,104.59,102.75,102.75,104.59,102.75,102.75,,381
2010,7,3,10/07/2010,16/07/2010,100.03,96.26,95,100.03,96.26,95,100.03,98.5,98.5,100.03,98.5,98.5,,382
2010,7,4,17/07/2010,23/07/2010,86.6,81.64,78.15,86.6,81.64,78.15,94.51,94.51,94.51,94.51,94.51,94.51,,383
2010,7,5,24/07/2010,30/07/2010,79.16,73.16,71.36,79.16,73.15,71.36,89.21,89.21,89.21,89.21,89.21,89.21,,384
2010,8,1,31/07/2010,06/08/2010,107.23,105.3,104.64,107.23,105.3,104.64,107.23,105.49,105.49,107.23,105.49,105.49,,385
2010,8,2,07/08/2010,13/08/2010,128.74,125.39,124.16,128.74,125.39,124.16,128.74,125.39,125.39,128.74,125.39,125.39,,386
2010,8,3,14/08/2010,20/08/2010,120.23,118.18,114.95,120.23,118.18,114.95,120.23,118.18,118.18,120.23,118.18,118.18,,387
2010,8,4,21/08/2010,27/08/2010,125.73,123.77,122.27,125.73,123.77,122.27,125.73,123.77,123.77,125.73,123.77,123.57,,388
2010,9,1,28/08/2010,03/09/2010,111.4,105.87,104.53,111.4,105.87,104.52,154.88,154.88,154.88,154.88,154.88,154.88,,389
2010,9,2,04/09/2010,10/09/2010,137.6,125.78,124.43,128.26,125.78,124.43,174.53,174.53,174.53,174.53,174.53,174.53,,390
2010,9,3,11/09/2010,17/09/2010,122.46,117.3,115.68,122.46,117.3,115.68,172.78,171.65,171.65,172.78,171.65,171.65,,391
2010,9,4,18/09/2010,24/09/2010,139.53,132.52,130.72,134.59,132.52,130.72,187.76,187.76,187.76,187.76,187.76,187.76,,392
2010,10,1,25/09/2010,01/10/2010,170.74,168.95,167.47,170.74,168.95,167.47,246.32,246.32,246.32,246.32,246.32,246.32,,393
2010,10,2,02/10/2010,08/10/2010,149.09,142.04,135.97,149.09,142.04,135.97,221.61,221.61,221.61,221.61,221.61,221.61,,394
2010,10,3,09/10/2010,15/10/2010,124.99,117.78,112.7,124.99,117.78,112.7,181.54,180.34,180.34,181.54,180.34,180.34,,395
2010,10,4,16/10/2010,22/10/2010,146.88,144.62,140.34,146.88,144.62,140.34,257.54,257.54,257.54,257.54,257.54,257.54,,396
2010,10,5,23/10/2010,29/10/2010,145.43,145.38,140.62,145.43,145.38,140.62,294.33,292.4,292.4,294.33,292.4,292.4,,397
2010,11,1,30/10/2010,05/11/2010,149.48,149.03,147.15,149.48,149.03,147.15,149.48,149.03,147.15,149.48,149.03,147.15,,398
2010,11,2,06/11/2010,12/11/2010,121.71,121.71,117.68,121.71,121.71,117.68,121.71,117.68,117.68,121.71,121.71,117.68,,399
2010,11,3,13/11/2010,19/11/2010,128.58,127.22,125.45,128.58,127.22,125.45,128.58,125.45,125.45,128.58,127.22,125.45,,400
2010,11,4,20/11/2010,26/11/2010,103.41,103.41,98.34,103.41,103.41,98.34,103.41,98.15,98.15,103.41,103.41,98.34,,401
2010,12,1,27/11/2010,03/12/2010,81.79,81.79,77.56,81.79,81.79,77.56,81.79,77.56,77.56,81.79,81.79,77.56,,402
2010,12,2,04/12/2010,10/12/2010,92.88,92.88,84.74,92.88,92.88,84.74,83,82.34,82.34,92.88,92.88,84.74,,403
2010,12,3,11/12/2010,17/12/2010,78.04,77.21,72,78.04,77.21,72,78.04,72,72,78.04,77.21,72,,404
2010,12,4,18/12/2010,24/12/2010,66.99,64.68,61.98,66.99,64.68,61.98,66.99,61.98,61.98,66.99,64.68,61.98,,405
2010,12,5,25/12/2010,31/12/2010,55.09,53.87,52.44,55.09,53.87,52.44,55.09,53.43,52.44,55.09,53.87,52.44,,406
2011,1,1,01/01/2011,07/01/2011,71.81,70.08,67.24,71.81,70.08,67.24,71.81,70.08,67.24,71.81,70.08,67.24,,407
2011,1,2,08/01/2011,14/01/2011,12.08,12.08,12.08,12.08,12.08,12.08,12.08,12.08,12.08,12.08,12.08,12.08,,408
2011,1,3,15/01/2011,21/01/2011,15.81,15.81,14.97,15.81,15.81,14.97,15.6,15.6,14.97,15.6,15.6,14.97,,409
2011,1,4,22/01/2011,28/01/2011,22.16,22.14,21.29,22.16,22.14,21.29,22.16,22.14,21.29,22.16,22.14,21.29,,410
2011,2,1,29/01/2011,04/02/2011,17.44,17.44,12.08,17.44,17.44,12.08,23.27,23.27,23.27,17.44,17.44,12.08,,411
2011,2,2,05/02/2011,11/02/2011,38.35,38.35,36.79,38.35,38.35,36.79,38.35,38.35,36.79,38.35,38.35,36.79,,412
2011,2,3,12/02/2011,18/02/2011,54.91,54.91,52.67,54.65,54.91,51.43,54.91,54.91,52.67,54.91,54.91,52.67,,413
2011,2,4,19/02/2011,25/02/2011,66.88,64.23,60.88,66.88,64.23,12.08,63.47,63.47,60.88,63.47,63.47,60.88,,414
2011,3,1,26/02/2011,04/03/2011,81.16,81.06,77.47,81.16,81.06,12.08,80.75,79.78,77.47,80.75,79.78,77.47,,415
2011,3,2,05/03/2011,11/03/2011,12.08,12.08,12.08,12.08,12.08,12.08,12.08,12.08,12.08,12.08,12.08,12.08,,416
2011,3,3,12/03/2011,18/03/2011,25.67,24.46,18.77,25.67,24.46,18.77,29.13,29.13,29.13,25.67,24.46,18.77,,417
2011,3,4,19/03/2011,25/03/2011,13.72,13.47,12.08,13.72,13.47,12.08,13.72,13.47,13.47,13.72,13.47,12.08,,418
2011,4,1,26/03/2011,01/04/2011,12.08,12.08,12.08,12.08,12.08,12.08,12.08,12.08,12.08,12.08,12.08,12.08,,419
2011,4,2,02/04/2011,08/04/2011,12.08,12.08,12.08,12.08,12.08,12.08,12.08,12.08,12.08,12.08,12.08,12.08,,420
2011,4,3,09/04/2011,15/04/2011,12.08,12.08,12.08,12.08,12.08,12.08,12.08,12.08,12.08,12.08,12.08,12.08,,421
2011,4,4,16/04/2011,22/04/2011,12.08,12.08,12.08,12.08,12.08,12.08,12.08,12.08,12.08,12.08,12.08,12.08,,422
2011,4,5,23/04/2011,29/04/2011,12.08,12.08,12.08,12.08,12.08,12.08,12.08,12.08,12.08,12.08,12.08,12.08,,423
2011,5,1,30/04/2011,06/05/2011,15.94,15.62,15.31,15.94,15.62,15.31,15.94,15.62,15.38,15.94,15.62,15.31,,424
2011,5,2,07/05/2011,13/05/2011,14.32,13.91,13.54,14.32,13.91,13.54,13.79,13.79,13.54,13.78,13.78,13.54,,425
2011,5,3,14/05/2011,20/05/2011,15.91,15.64,15.11,15.91,15.64,15.11,15.91,15.64,15.11,15.91,15.64,15.11,,426
2011,5,4,21/05/2011,27/05/2011,17.46,17.09,16.9,17.46,17.09,16.9,17.46,17.09,16.9,17.46,17.09,16.9,,427
2011,6,1,28/05/2011,03/06/2011,30.46,29.96,29.96,30.46,29.96,29.96,30.46,29.81,28.6,30.46,29.81,28.6,,428
2011,6,2,04/06/2011,10/06/2011,33.25,32.74,32.73,33.25,32.74,32.73,33.25,32.74,32.73,33.25,32.74,32.73,,429
2011,6,3,11/06/2011,17/06/2011,35.72,35.01,34.63,35.72,35.01,34.63,35.72,35.01,34.63,35.72,35.01,34.63,,430
2011,6,4,18/06/2011,24/06/2011,30.59,29.78,29.23,30.59,29.78,29.23,30.59,29.78,29.23,30.59,29.78,29.23,,431
2011,6,5,25/06/2011,01/07/2011,31.22,30.73,29.7,31.22,30.73,29.7,31.22,30.73,29.7,31.22,30.73,29.7,,432
2011,7,1,02/07/2011,08/07/2011,28.23,27.88,27.48,28.23,27.88,27.48,28.23,27.88,27.48,28.23,27.88,27.48,,433
2011,7,2,09/07/2011,15/07/2011,23.75,23.14,22.96,23.75,23.14,22.96,23.75,23.14,22.97,23.75,23.14,22.97,,434
2011,7,3,16/07/2011,22/07/2011,21.8,20.92,20.79,21.8,20.92,20.79,21.8,20.92,20.79,21.8,20.92,20.79,,435
2011,7,4,23/07/2011,29/07/2011,20.26,19.43,18.8,20.26,19.43,18.8,20.26,19.43,19.4,20.26,19.43,19.37,,436
2011,8,1,30/07/2011,05/08/2011,24.21,23.81,22.98,22.71,22.71,12.08,24.21,23.81,22.98,24.21,23.81,22.98,,437
2011,8,2,06/08/2011,12/08/2011,16.97,16.35,15.68,16.97,12.08,12.08,16.97,16.35,15.68,16.97,16.35,15.68,,438
2011,8,3,13/08/2011,19/08/2011,18.68,18.09,17.34,18.68,18.09,12.08,18.68,18.09,17.34,18.68,18.09,17.34,,439
2011,8,4,20/08/2011,26/08/2011,25.08,24.4,23.41,23.41,23.41,12.08,25.08,24.4,23.41,25.08,24.4,23.41,,440
2011,9,1,27/08/2011,02/09/2011,17.6,16.77,15.9,12.08,12.08,12.08,17.6,16.77,16.09,17.6,16.77,16.09,,441
2011,9,2,03/09/2011,09/09/2011,18.07,17.47,16.73,12.08,12.08,12.08,18.07,17.47,16.73,18.07,17.47,16.73,,442
2011,9,3,10/09/2011,16/09/2011,21.44,21.01,20.25,20.25,20.25,12.08,21.44,21.01,20.25,21.44,21.01,20.25,,443
2011,9,4,17/09/2011,23/09/2011,24.84,23.8,22.83,24.84,23.8,12.08,24.84,23.8,22.83,24.84,23.8,22.83,,444
2011,9,5,24/09/2011,30/09/2011,25.76,24.8,23.61,25.76,24.8,12.08,25.76,24.8,23.61,25.76,24.8,23.61,,445
2011,10,1,01/10/2011,07/10/2011,44.03,43.42,41.99,44.03,43.42,41.55,44.03,43.42,41.99,44.03,43.42,41.99,,446
2011,10,2,08/10/2011,14/10/2011,44.1,43.29,42.75,43.14,42.94,42.75,44.1,43.29,42.75,44.1,43.29,42.75,,447
2011,10,3,15/10/2011,21/10/2011,39.14,38.92,37.48,39.14,38.92,37.48,39.14,38.92,37.54,39.14,38.92,37.48,,448
2011,10,4,22/10/2011,28/10/2011,24.1,23.92,22.95,24.1,23.92,22.95,24.1,23.92,22.95,24.1,23.92,22.95,,449
2011,11,1,29/10/2011,04/11/2011,39.32,38.44,37.73,39.32,38.44,37.73,39.32,38.44,37.73,39.32,38.44,37.73,,450
2011,11,2,05/11/2011,11/11/2011,44.03,44.03,42.94,44.03,44.03,42.94,44.03,44.03,42.94,44.03,44.03,42.94,,451
2011,11,3,12/11/2011,18/11/2011,40.41,39.72,39.01,40.41,39.72,39,40.41,39.72,39.01,40.41,39.72,39.01,,452
2011,11,4,19/11/2011,25/11/2011,45.45,45.45,43.94,45.45,45.45,43.94,45.45,45.45,43.94,45.45,45.45,43.94,,453
2011,12,1,26/11/2011,02/12/2011,64.74,64.47,61.97,64.74,64.47,61.97,64.74,64.47,61.97,64.74,64.47,61.97,,454
2011,12,2,03/12/2011,09/12/2011,52.45,52.45,49.68,52.45,52.45,49.68,52.45,52.45,49.68,52.45,52.45,49.68,,455
2011,12,3,10/12/2011,16/12/2011,35.72,35.72,34.08,35.72,35.72,34.08,32.27,28.96,27.54,32.27,28.96,27.54,,456
2011,12,4,17/12/2011,23/12/2011,45.73,45.7,44.38,45.73,45.7,44.38,38.66,34.68,34.51,38.66,34.68,34.51,,457
2011,12,5,24/12/2011,30/12/2011,40.76,40.48,39.71,40.76,40.48,39.71,32.21,29.32,29.32,32.21,29.32,29.32,,458
2012,1,1,31/12/2011,06/01/2012,47.73,47.47,45.31,47.73,47.47,45.31,47.73,12.2,12.2,47.73,12.2,12.2,,459
2012,1,2,07/01/2012,13/01/2012,29.69,29.69,28.57,29.69,29.69,28.57,12.2,12.2,12.2,12.2,12.2,12.2,,460
2012,1,3,14/01/2012,20/01/2012,12.2,12.2,12.2,12.2,12.2,12.2,12.2,12.2,12.2,12.2,12.2,12.2,,461
2012,1,4,21/01/2012,27/01/2012,12.2,12.2,12.2,12.2,12.2,12.2,12.2,12.2,12.2,12.2,12.2,12.2,,462
2012,2,1,28/01/2012,03/02/2012,17.57,17.57,12.2,17.57,17.57,12.2,12.2,12.2,12.2,12.2,12.2,12.2,,463
2012,2,2,04/02/2012,10/02/2012,37.7,37.7,35.45,37.7,37.7,35.45,12.2,12.2,12.2,12.2,12.2,12.2,,464
2012,2,3,11/02/2012,17/02/2012,55.85,55.85,53.86,55.85,55.85,53.86,12.2,12.2,12.2,12.2,12.2,12.2,,465
2012,2,4,18/02/2012,24/02/2012,63.2,63.2,62.2,63.2,63.2,62.2,12.2,12.2,12.2,12.2,12.2,12.2,,466
2012,2,5,25/02/2012,02/03/2012,69.25,68.26,65.99,69.25,68.26,65.99,14.35,14.35,14.35,14.35,14.35,14.35,,467
2012,3,1,03/03/2012,09/03/2012,98.47,98.46,94.84,98.47,98.46,94.84,86.52,86.52,86.52,86.52,86.52,86.52,,468
2012,3,2,10/03/2012,16/03/2012,139.24,139.24,133.72,139.24,139.24,133.72,117.08,117.08,116.31,117.08,117.08,116.31,,469
2012,3,3,17/03/2012,23/03/2012,142.26,141.05,139.53,142.26,141.05,139.53,119.74,119.42,118.63,119.74,119.42,118.63,,470
2012,3,4,24/03/2012,30/03/2012,134.91,133.48,130.51,134.91,133.48,130.51,134.91,133.48,130.51,134.91,133.48,130.51,,471
2012,4,1,31/03/2012,06/04/2012,187.82,185.44,185.44,187.82,185.44,185.44,174.02,168.63,166.95,174.02,168.63,166.95,,472
2012,4,2,07/04/2012,13/04/2012,201.95,194.07,186.15,201.95,201.95,186.15,189.58,187.38,186.15,189.58,187.38,186.15,,473
2012,4,3,14/04/2012,20/04/2012,210.35,204.01,196.83,219,219,196.83,184.26,181.42,179.13,184.26,181.42,179.13,,474
2012,4,4,21/04/2012,27/04/2012,197.19,192.76,189.19,197.19,192.76,189.19,197.19,192.76,189.19,197.19,192.76,189.19,,475
2012,5,1,28/04/2012,04/05/2012,190.83,188.96,188.82,190.83,188.96,188.82,187.83,187.83,180.2,187.83,187.83,180.2,,476
2012,5,2,05/05/2012,11/05/2012,181.05,180.2,179.28,181.05,180.2,179.28,181.05,180.2,179.28,181.05,180.2,179.28,,477
2012,5,3,12/05/2012,18/05/2012,171.67,171.66,168.5,171.67,171.66,168.5,171.67,171.66,168.5,171.67,171.66,168.5,,478
2012,5,4,19/05/2012,25/05/2012,191.92,191.89,188.99,191.92,191.89,188.99,191.92,191.89,188.99,191.92,191.89,188.99,,479
2012,6,1,26/05/2012,01/06/2012,179.19,177.49,176.42,179.19,177.49,176.42,179.19,177.49,176.42,179.19,177.49,176.42,,480
2012,6,2,02/06/2012,08/06/2012,148.61,146.92,146.19,148.61,146.92,146.19,148.61,146.92,146.19,148.61,146.92,146.19,,481
2012,6,3,09/06/2012,15/06/2012,151.79,148.19,146.14,151.79,148.19,146.14,151.79,148.19,146.14,151.79,148.19,146.14,,482
2012,6,4,16/06/2012,22/06/2012,105.79,103.46,101.16,105.79,103.46,101.16,105.79,103.46,101.16,105.79,103.46,101.16,,483
2012,6,5,23/06/2012,29/06/2012,79.39,78.25,74.33,79.39,78.25,74.33,79.39,78.25,76.17,79.39,78.25,74.33,,484
2012,7,1,30/06/2012,06/07/2012,58.5,56.86,54.83,58.5,56.85,54.83,58.5,56.86,54.83,58.5,56.86,54.83,,485
2012,7,2,07/07/2012,13/07/2012,97.67,95.32,94.11,97.67,95.32,94.11,97.67,95.32,94.11,97.67,95.32,94.11,,486
2012,7,3,14/07/2012,20/07/2012,108.4,106.31,106.01,108.4,106.31,106.01,108.4,106.31,106.01,108.4,106.31,106.01,,487
2012,7,4,21/07/2012,27/07/2012,105.55,103.85,103.37,105.55,103.85,103.37,105.55,103.85,103.37,105.55,103.85,103.37,,488
2012,8,1,28/07/2012,03/08/2012,90.43,88.78,87.12,90.43,88.78,87.12,90.43,88.78,87.12,90.43,88.78,87.12,,489
2012,8,2,04/08/2012,10/08/2012,109.88,106.77,105.35,109.88,106.77,105.35,109.88,106.77,105.35,109.88,106.77,105.35,,490
2012,8,3,11/08/2012,17/08/2012,118.43,116.3,115.67,118.43,116.3,115.67,118.43,116.3,115.67,118.43,116.3,115.67,,491
2012,8,4,18/08/2012,24/08/2012,131.1,128.8,128.01,130,128.8,128.01,131.1,128.8,128.01,131.1,128.8,128.01,,492
2012,8,5,25/08/2012,31/08/2012,140.37,137.74,137.01,140.37,137.74,137.01,140.37,137.74,137.01,140.37,137.74,137.01,,493
2012,9,1,01/09/2012,07/09/2012,177.64,173.66,173.5,177.64,173.66,173.5,177.64,173.66,173.5,177.64,173.66,173.5,,494
2012,9,2,08/09/2012,14/09/2012,185.38,181.24,180.47,185.38,181.24,180.47,185.38,181.24,180.47,185.38,181.24,180.47,,495
2012,9,3,15/09/2012,21/09/2012,191.61,191,188.6,191.61,191,188.6,191.61,191,188.6,191.61,191,188.6,,496
2012,9,4,22/09/2012,28/09/2012,189.56,188.15,185.8,189.56,188.15,185.8,189.56,188.15,185.8,189.56,188.15,185.8,,497
2012,10,1,29/09/2012,05/10/2012,185.24,184.02,173.98,185.24,184.02,173.98,185.24,184.02,184.02,185.24,184.02,184.02,,498
2012,10,2,06/10/2012,12/10/2012,249.78,244.58,240.08,249.78,244.58,240.08,256.3,256.3,256.3,256.3,256.3,256.3,,499
2012,10,3,13/10/2012,19/10/2012,325.06,323.85,319.75,325.06,323.85,319.75,329.04,329.04,329.04,329.04,329.04,329.04,,500
2012,10,4,20/10/2012,26/10/2012,291.4,289.92,284.61,291.4,289.92,284.61,330.39,330.39,330.39,330.39,330.39,330.39,,501
2012,11,1,27/10/2012,02/11/2012,364.61,362.76,360.38,364.61,362.76,360.38,364.61,362.76,360.38,364.61,362.76,360.38,,502
2012,11,2,03/11/2012,09/11/2012,429.85,429.85,427.54,429.85,429.85,427.54,429.85,429.85,427.54,429.85,429.85,427.54,,503
2012,11,3,10/11/2012,16/11/2012,453.51,453.51,449.61,453.51,453.51,449.61,453.51,453.51,449.61,453.51,453.51,449.61,,504
2012,11,4,17/11/2012,23/11/2012,315.56,315.56,314.35,315.56,315.56,314.35,315.56,315.56,314.35,315.56,315.56,314.35,,505
2012,11,5,24/11/2012,30/11/2012,311.76,311.76,307.41,311.76,311.76,307.41,311.76,311.76,307.41,311.76,311.76,307.41,,506
2012,12,1,01/12/2012,07/12/2012,205.96,205.96,198.54,205.96,205.96,198.54,205.96,205.96,198.54,205.96,205.96,198.54,,507
2012,12,2,08/12/2012,14/12/2012,275.47,275.47,264.94,275.47,275.47,264.94,275.47,275.47,264.94,275.47,275.47,264.94,,508
2012,12,3,15/12/2012,21/12/2012,188.67,187.63,179.69,188.67,187.63,179.69,188.67,187.31,179.69,188.67,187.31,179.69,,509
2012,12,4,22/12/2012,28/12/2012,349.93,343.85,341.57,349.93,343.85,341.57,349.93,312.16,312.16,349.93,312.16,312.16,,510
2013,1,1,29/12/2012,04/01/2013,348.22,343.19,338.63,348.22,343.19,338.63,348.22,343.19,338.63,348.22,343.19,338.63,,511
2013,1,2,05/01/2013,11/01/2013,554.82,554.82,554.82,554.82,554.82,554.82,554.82,554.82,546.18,554.82,554.82,546.18,,512
2013,1,3,12/01/2013,18/01/2013,341.7,341.7,336.55,341.7,341.7,336.55,341.7,341.7,336.55,341.7,341.7,336.55,,513
2013,1,4,19/01/2013,25/01/2013,480.62,480.62,478.43,480.62,480.62,478.43,480.62,480.62,474.77,480.62,480.62,474.77,,514
2013,2,1,26/01/2013,01/02/2013,312.87,312.87,298.14,312.87,312.87,298.14,292.78,291.47,289.55,292.78,291.47,289.55,,515
2013,2,2,02/02/2013,08/02/2013,176.85,176.85,171.72,176.85,176.85,171.72,176.85,176.85,171.72,176.85,176.85,171.72,,516
2013,2,3,09/02/2013,15/02/2013,158.72,158.72,153.88,158.72,158.72,153.88,153.39,153.39,151.6,153.39,153.39,151.6,,517
2013,2,4,16/02/2013,22/02/2013,217.6,217.6,209.35,217.6,217.6,209.35,216.53,216.53,207.71,216.53,216.53,207.71,,518
2013,3,1,23/02/2013,01/03/2013,317.48,315.92,306.3,317.48,315.92,306.3,317.48,315.92,306.3,317.48,315.92,306.3,,519
2013,3,2,02/03/2013,08/03/2013,376.87,376.87,368.69,376.87,376.87,368.69,376.87,376.4,365.69,376.87,376.4,365.69,,520
2013,3,3,09/03/2013,15/03/2013,344.5,344.5,337.57,344.5,344.5,337.57,344.5,344.5,336.93,344.5,344.5,336.93,,521
2013,3,4,16/03/2013,22/03/2013,340.15,340.15,336.68,340.15,340.15,336.68,340.15,340.15,336.68,340.15,340.15,336.68,,522
2013,3,5,23/03/2013,29/03/2013,321.76,321.49,316.99,321.76,321.49,316.99,321.76,321.49,321.49,321.76,321.49,316.99,,523
2013,4,1,30/03/2013,05/04/2013,302.27,299.71,298.76,302.27,299.71,298.76,302.27,299.71,298.76,302.27,299.71,298.76,,524
2013,4,2,06/04/2013,12/04/2013,191.98,190.62,186.05,191.98,190.62,186.05,191.98,190.62,187.92,191.98,190.62,186.05,,525
2013,4,3,13/04/2013,19/04/2013,152.86,151.45,147.86,152.86,151.45,147.86,152.86,151.47,150.46,152.86,151.45,147.86,,526
2013,4,4,20/04/2013,26/04/2013,129.78,129.38,126.38,129.78,129.38,126.38,133.31,133.31,128.25,129.78,129.38,126.38,,527
2013,5,1,27/04/2013,03/05/2013,282.03,279.27,275.05,282.03,279.27,275.05,282.03,280.45,276.09,282.03,279.27,275.05,,528
2013,5,2,04/05/2013,10/05/2013,343.51,342,339.57,343.51,342,339.57,343.51,342,339.57,343.51,342,339.57,,529
2013,5,3,11/05/2013,17/05/2013,360.6,357.33,354.26,360.6,357.33,354.26,360.6,357.33,354.26,360.6,357.33,354.26,,530
2013,5,4,18/05/2013,24/05/2013,360.17,356.8,348.98,360.17,356.8,348.98,360.17,356.8,348.98,360.17,356.8,348.98,,531
2013,5,5,25/05/2013,31/05/2013,361.81,357.29,353.44,361.81,357.29,353.44,361.81,357.29,353.44,361.81,357.29,353.44,,532
2013,6,1,01/06/2013,07/06/2013,327.93,324.69,320.57,327.93,324.69,320.57,327.93,324.69,320.57,327.93,324.69,320.57,,533
2013,6,2,08/06/2013,14/06/2013,182.33,180.95,179.63,182.33,180.95,179.63,182.33,180.95,180.95,182.33,180.95,179.63,,534
2013,6,3,15/06/2013,21/06/2013,196.12,193.93,188.14,196.12,193.93,188.14,196.12,193.93,188.14,196.12,193.93,188.14,,535
2013,6,4,22/06/2013,28/06/2013,170.29,167.9,162.16,169.04,167.9,162.16,170.29,167.9,162.16,170.29,167.9,162.16,,536
2013,7,1,29/06/2013,05/07/2013,99.86,98.56,94.3,80.79,78.82,14.13,99.86,99.38,99.38,99.86,98.56,95.49,,537
2013,7,2,06/07/2013,12/07/2013,109.05,108.21,102.84,109.05,107.49,14.13,109.05,108.21,102.84,109.05,108.21,102.84,,538
2013,7,3,13/07/2013,19/07/2013,126.77,125.33,120.51,102.64,101.31,97.7,126.77,125.33,120.51,126.77,125.33,120.51,,539
2013,7,4,20/07/2013,26/07/2013,131.53,129.2,125.7,131.53,129.2,125.7,131.53,129.2,125.7,131.53,129.2,125.7,,540
2013,8,1,27/07/2013,02/08/2013,155.55,153.54,151.57,155.55,153.54,151.57,155.55,153.54,151.57,155.55,153.54,151.57,,541
2013,8,2,03/08/2013,09/08/2013,168.39,165.84,164.62,168.39,165.84,164.62,168.39,165.84,164.62,168.39,165.84,164.62,,542
2013,8,3,10/08/2013,16/08/2013,151.6,148.8,143.77,143.77,143.77,14.13,151.6,148.8,148.8,151.6,148.8,143.77,,543
2013,8,4,17/08/2013,23/08/2013,176.91,174.06,169.16,169.16,169.16,151.27,176.91,174.06,174.06,176.91,174.06,169.16,,544
2013,8,5,24/08/2013,30/08/2013,161.43,159.26,153.23,153.23,153.23,116.29,161.43,159.26,159.26,161.43,159.26,153.23,,545
2013,9,1,31/08/2013,06/09/2013,263.68,259.04,255.16,255.16,255.16,244.48,263.68,259.04,255.16,263.68,259.04,255.16,,546
2013,9,2,07/09/2013,13/09/2013,276.13,273.97,264.93,265.51,264.93,255.64,276.13,273.97,264.93,276.13,273.97,264.93,,547
2013,9,3,14/09/2013,20/09/2013,278.22,276.54,271.58,278.22,276.54,271.58,278.22,276.54,271.58,278.22,276.54,271.58,,548
2013,9,4,21/09/2013,27/09/2013,271.87,266.13,250.1,252.58,250.1,242.06,272.51,272.51,272.51,272.51,272.51,272.51,,549
2013,10,1,28/09/2013,04/10/2013,269.73,268.06,260.29,260.29,260.29,27.33,269.73,268.06,265.47,269.73,268.06,265.47,,550
2013,10,2,05/10/2013,11/10/2013,254.35,249.15,227.93,138.13,138.13,14.13,254.35,254.35,255.44,254.35,249.15,227.93,,551
2013,10,3,12/10/2013,18/10/2013,259.29,254.33,237.72,237.72,237.72,232.99,259.29,254.33,250.86,259.29,254.33,250.86,,552
2013,10,4,19/10/2013,25/10/2013,255.87,252.59,242.2,244.81,244.81,242.2,270.87,270.87,270.87,255.87,252.59,242.2,,553
2013,11,1,26/10/2013,01/11/2013,311.47,311.47,305.29,311.47,311.47,305.29,311.47,311.47,305.29,311.47,311.47,305.29,,554
2013,11,2,02/11/2013,08/11/2013,326.09,322.11,308.11,326.09,322.11,308.11,326.09,322.11,308.11,326.09,322.11,308.11,,555
2013,11,3,09/11/2013,15/11/2013,319.24,319.24,316.09,319.24,319.24,316.09,319.24,319.24,316.09,319.24,319.24,316.09,,556
2013,11,4,16/11/2013,22/11/2013,340.44,340.44,329.82,340.44,340.44,329.82,340.44,340.44,329.82,340.44,340.44,329.82,,557
2013,11,5,23/11/2013,29/11/2013,362.69,362.69,353.79,362.69,362.69,353.79,362.69,362.69,353.79,362.69,362.69,353.79,,558
2013,12,1,30/11/2013,06/12/2013,313.81,313.81,302.28,313.81,313.81,302.28,313.81,313.81,302.28,313.81,313.81,302.28,,559
2013,12,2,07/12/2013,13/12/2013,280.78,280.78,270.33,280.78,280.78,270.33,280.78,280.78,280.78,280.78,280.78,270.33,,560
2013,12,3,14/12/2013,20/12/2013,310.55,310.55,303.81,310.55,310.55,303.81,310.55,310.55,307.2,310.55,310.55,303.81,,561
2013,12,4,21/12/2013,27/12/2013,294.91,294.54,293.94,294.91,294.54,293.94,294.91,294.54,293.94,294.91,294.54,293.94,,562
2014,1,1,28/12/2013,03/01/2014,249.92,249.92,249.92,249.92,249.92,249.92,249.92,249.92,249.92,249.92,249.92,249.92,,563
2014,1,2,04/01/2014,10/01/2014,286.58,286.58,280.22,286.58,286.58,280.22,286.58,286.58,280.22,286.58,286.58,116.49,,564
2014,1,3,11/01/2014,17/01/2014,391.8,391.8,384.02,391.8,391.8,384.02,391.8,391.8,391.8,391.8,391.8,384.02,,565
2014,1,4,18/01/2014,24/01/2014,410.67,410.67,409.38,410.67,410.67,409.38,410.67,410.67,409.38,410.67,410.67,409.38,,566
2014,1,5,25/01/2014,31/01/2014,486.59,486.59,480.64,486.59,486.59,480.64,486.59,486.59,486.59,486.59,486.59,480.64,,567
2014,2,1,01/02/2014,07/02/2014,822.83,822.83,822.83,822.83,822.83,822.83,822.83,822.83,822.83,822.83,822.83,822.83,,568
2014,2,2,08/02/2014,14/02/2014,822.83,822.83,822.83,822.83,822.83,822.83,744.88,744.88,732.99,612.71,160.61,152.08,,569
2014,2,3,15/02/2014,21/02/2014,822.83,822.83,822.83,822.83,822.83,822.83,732.99,732.99,725.22,612.71,612.71,506.33,,570
2014,2,4,22/02/2014,28/02/2014,822.83,822.83,822.83,822.83,822.83,822.83,732.99,732.99,725.22,612.71,160.61,152.08,,571
2014,3,1,01/03/2014,07/03/2014,822.83,822.83,822.83,822.83,822.83,822.83,634.86,625.25,625.25,634.86,612.71,119.8,,572
2014,3,2,08/03/2014,14/03/2014,822.83,822.83,822.83,822.83,822.83,822.83,725.25,725.25,725.25,725.25,725.25,612.71,,573
2014,3,3,15/03/2014,21/03/2014,822.83,822.83,822.83,822.83,822.83,822.83,822.83,822.83,822.83,822.83,822.83,822.83,,574
2014,3,4,22/03/2014,28/03/2014,822.83,822.83,822.83,822.83,822.83,822.83,822.83,822.83,822.83,822.83,822.83,822.83,,575
2014,4,1,29/03/2014,04/04/2014,822.83,822.83,822.83,822.83,822.83,822.83,822.83,822.83,822.83,822.83,822.83,822.83,,576
2014,4,2,05/04/2014,11/04/2014,822.83,822.83,822.83,822.83,822.83,822.83,822.83,822.83,821.65,822.83,822.83,637.03,,577
2014,4,3,12/04/2014,18/04/2014,822.83,822.83,822.83,822.83,822.83,822.83,771.31,750.1,750.1,771.31,750.1,619.64,,578
2014,4,4,19/04/2014,25/04/2014,822.83,822.83,822.83,822.83,822.83,822.83,714.81,697.82,689.95,714.81,697.82,619.64,,579
2014,5,1,26/04/2014,02/05/2014,822.83,822.83,822.83,822.83,822.83,822.83,646.14,632.61,619.91,619.64,194.35,160.61,,580
2014,5,2,03/05/2014,09/05/2014,810.89,800.1,777.23,810.89,800.1,777.23,697.82,697.82,697.82,619.64,192.55,160.61,,581
2014,5,3,10/05/2014,16/05/2014,822.83,822.83,822.83,822.83,822.83,822.83,822.83,822.83,815.52,160.61,160.61,130.05,,582
2014,5,4,17/05/2014,23/05/2014,822.83,822.83,822.83,822.83,822.83,822.83,822.83,822.83,822.83,160.61,160.61,124.94,,583
2014,5,5,24/05/2014,30/05/2014,822.83,822.83,806.9,822.83,822.83,806.9,822.83,822.83,806.9,822.83,822.83,806.9,,584
2014,6,1,31/05/2014,06/06/2014,597.66,591.81,551.09,597.66,591.81,551.09,595.23,591.81,551.09,595.23,591.81,551.09,,585
2014,6,2,07/06/2014,13/06/2014,336.95,333.8,237.76,272.25,252.99,154.57,336.95,333.8,237.76,336.95,333.8,237.76,,586
2014,6,3,14/06/2014,20/06/2014,427.41,420.29,335.59,15.62,15.62,15.62,427.41,420.29,335.59,427.41,420.29,335.59,,587
2014,6,4,21/06/2014,27/06/2014,511.89,503.7,314.63,176.67,176.67,105.28,511.89,503.7,314.63,511.89,503.7,314.63,,588
2014,7,1,28/06/2014,04/07/2014,400.74,398.95,314.63,15.62,15.62,15.62,400.74,398.95,314.63,400.74,398.95,314.63,,589
2014,7,2,05/07/2014,11/07/2014,560.82,548.68,535.31,548.68,548.68,15.62,560.82,548.68,535.31,560.82,548.68,535.31,,590
2014,7,3,12/07/2014,18/07/2014,680.06,670.92,613.57,670.92,670.92,613.57,680.06,670.92,613.57,680.06,670.92,613.57,,591
2014,7,4,19/07/2014,25/07/2014,734.87,731.08,686.2,734.87,731.08,686.2,734.87,731.08,686.2,734.87,731.08,686.2,,592
2014,8,1,26/07/2014,01/08/2014,593.73,583.01,576.78,593.73,583.01,576.78,593.73,583.01,576.78,593.73,583.01,576.78,,593
2014,8,2,02/08/2014,08/08/2014,817.53,815.92,797.56,817.53,815.92,797.56,817.53,815.92,797.56,817.53,815.92,797.56,,594
2014,8,3,09/08/2014,15/08/2014,658.5,652.35,643.96,658.5,652.35,643.96,658.5,652.35,643.96,658.5,652.35,643.96,,595
2014,8,4,16/08/2014,22/08/2014,702.27,702.27,688.35,702.27,702.27,688.35,702.27,702.27,688.35,702.27,702.27,688.35,,596
2014,8,5,23/08/2014,29/08/2014,700.76,700.76,684.99,700.76,700.76,684.99,700.76,700.76,684.99,700.76,700.76,684.99,,597
2014,9,1,30/08/2014,05/09/2014,735.03,735.03,717.91,735.03,735.03,717.91,735.03,735.03,717.91,735.03,735.03,717.91,,598
2014,9,2,06/09/2014,12/09/2014,711.89,711.89,688.25,711.89,711.89,688.25,711.89,711.89,688.25,711.89,711.89,688.25,,599
2014,9,3,13/09/2014,19/09/2014,778.34,778.34,757.1,778.34,778.34,757.1,778.34,778.34,757.1,778.34,778.34,757.1,,600
2014,9,4,20/09/2014,26/09/2014,752.54,751.91,735.21,752.54,751.91,735.21,752.54,751.91,735.21,752.54,751.91,735.21,,601
2014,10,1,27/09/2014,03/10/2014,690.65,682.21,650.71,690.65,682.21,650.71,690.65,682.21,650.71,690.65,682.21,650.71,,602
2014,10,2,04/10/2014,10/10/2014,714.65,705.71,680.48,680.48,680.48,175.02,714.65,705.71,680.48,714.65,705.71,680.48,,603
2014,10,3,11/10/2014,17/10/2014,822.83,818.36,790.39,822.83,818.36,790.39,822.83,818.36,790.39,822.83,818.36,790.39,,604
2014,10,4,18/10/2014,24/10/2014,822.83,822.83,822.83,822.83,822.83,822.83,822.83,822.83,822.83,822.83,822.83,822.83,,605
2014,10,5,25/10/2014,31/10/2014,822.83,822.83,822.83,822.83,822.83,822.83,822.83,822.83,822.83,822.83,822.83,822.83,,606
2014,11,1,01/11/2014,07/11/2014,822.83,822.83,822.83,822.83,822.83,822.83,822.83,822.83,822.83,822.83,822.83,822.83,,607
2014,11,2,08/11/2014,14/11/2014,822.83,822.83,822.83,822.83,822.83,822.83,822.83,822.83,822.83,822.83,822.83,822.83,,608
2014,11,3,15/11/2014,21/11/2014,822.83,822.83,822.83,822.83,822.83,822.83,822.83,822.83,822.83,822.83,822.83,822.83,,609
2014,11,4,22/11/2014,28/11/2014,822.83,822.83,822.83,822.83,822.83,822.83,822.83,822.83,822.83,822.83,822.83,822.83,,610
2014,12,1,29/11/2014,05/12/2014,549.18,549.18,547.99,549.18,549.18,547.99,549.18,549.18,547.99,549.18,549.18,547.99,,611
2014,12,2,06/12/2014,12/12/2014,677.68,677.68,673.67,677.68,677.68,673.67,677.68,677.68,673.67,677.68,677.68,673.67,,612
2014,12,3,13/12/2014,19/12/2014,665.96,665.96,644.18,665.96,665.96,644.18,665.96,665.96,644.18,665.96,665.96,644.18,,613
2014,12,4,20/12/2014,26/12/2014,658.73,658.73,658.73,658.73,658.73,658.73,658.73,658.73,658.73,658.73,658.73,658.73,,614
2015,1,1,27/12/2014,02/01/2015,388.48,388.48,388.48,388.48,388.48,388.48,388.48,388.48,388.48,388.48,388.48,388.48,,615
2015,1,2,03/01/2015,09/01/2015,388.48,388.48,388.48,388.48,388.48,388.48,388.48,388.48,388.48,388.48,388.48,388.48,,616
2015,1,3,10/01/2015,16/01/2015,388.48,388.48,388.48,388.48,388.48,388.48,388.48,388.48,388.48,388.48,388.48,388.48,,617
2015,1,4,17/01/2015,23/01/2015,388.48,388.48,388.48,388.48,388.48,388.48,388.48,388.48,388.48,388.48,388.48,388.48,,618
2015,1,5,24/01/2015,30/01/2015,388.48,388.48,388.48,388.48,388.48,388.48,388.48,388.48,388.48,388.48,388.48,388.48,,619
2015,2,1,31/01/2015,06/02/2015,388.48,388.48,388.48,388.48,388.48,388.48,388.48,388.48,388.48,388.48,388.48,388.48,,620
2015,2,2,07/02/2015,13/02/2015,388.48,388.48,388.48,388.48,388.48,388.48,388.48,388.48,388.48,388.48,388.48,388.48,,621
2015,2,3,14/02/2015,20/02/2015,388.48,388.48,388.48,388.48,388.48,388.48,388.48,388.48,388.48,388.48,388.48,388.48,,622
2015,2,4,21/02/2015,27/02/2015,388.48,388.48,388.48,388.48,388.48,388.48,388.48,388.48,388.48,388.48,388.48,388.48,,623
2015,3,1,28/02/2015,06/03/2015,388.48,388.48,388.48,388.48,388.48,388.48,388.48,388.48,388.48,388.48,388.48,388.48,,624
2015,3,2,07/03/2015,13/03/2015,388.48,388.48,388.48,388.48,388.48,388.48,388.48,388.48,388.48,366.24,366.24,336.52,,625
2015,3,3,14/03/2015,20/03/2015,388.48,388.48,388.48,388.48,388.48,388.48,388.48,388.48,388.48,388.48,388.48,388.48,,626
2015,3,4,21/03/2015,27/03/2015,388.48,388.48,388.48,388.48,388.48,388.48,388.48,388.48,388.48,388.48,388.48,388.48,,627
2015,4,1,28/03/2015,03/04/2015,388.48,388.48,388.48,388.48,388.48,388.48,388.48,388.48,388.48,98.22,98.22,30.26,,628
2015,4,2,04/04/2015,10/04/2015,388.48,388.48,388.48,388.48,388.48,388.48,388.48,388.48,388.48,98.22,98.22,81.17,,629
2015,4,3,11/04/2015,17/04/2015,388.48,388.48,388.48,388.48,388.48,388.48,388.48,388.48,388.48,388.48,207.16,171.19,,630
2015,4,4,18/04/2015,24/04/2015,388.48,388.48,388.48,388.48,388.48,388.48,388.48,388.48,388.48,118.6,117.13,98.01,,631
2015,4,5,25/04/2015,01/05/2015,388.48,388.48,388.48,388.48,388.48,388.48,388.48,388.48,388.48,141.74,117.13,117.13,,632
2015,5,1,02/05/2015,08/05/2015,388.48,388.48,388.48,388.48,388.48,388.48,388.48,388.48,388.48,117.13,98.01,98.01,,633
2015,5,2,09/05/2015,15/05/2015,388.48,388.48,388.48,388.48,388.48,388.48,388.48,388.48,388.48,92.96,92.96,92.96,,634
2015,5,3,16/05/2015,22/05/2015,388.48,388.48,388.48,388.48,388.48,388.48,388.48,388.48,388.48,170.37,140.79,112.13,,635
2015,5,4,23/05/2015,29/05/2015,388.48,388.48,388.48,388.48,388.48,388.48,388.48,388.48,388.48,171.19,171.19,136.34,,636
2015,5,5,30/05/2015,31/05/2015,379.7,374.07,364.49,379.7,374.07,364.49,379.7,374.07,364.49,379.7,374.07,364.49,,637
2015,6,1,01/06/2015,05/06/2015,384.74,379.04,369.33,384.74,379.04,369.33,384.74,379.04,369.33,384.74,379.04,369.33,,638
2015,6,2,06/06/2015,12/06/2015,388.48,388.48,375.73,388.48,388.48,375.73,388.48,388.48,375.73,388.48,388.48,375.73,,639
2015,6,3,13/06/2015,19/06/2015,367.58,364.85,352.18,367.58,364.85,352.18,367.58,364.85,352.18,367.58,364.85,352.18,,640
2015,6,4,20/06/2015,26/06/2015,380.09,374.62,357.6,380.09,374.62,357.6,380.09,374.62,357.6,380.09,374.62,357.6,,641
2015,7,1,27/06/2015,03/07/2015,383.25,383.25,368.82,383.25,383.25,368.82,383.25,383.25,368.82,383.25,383.25,368.82,,642
2015,7,2,04/07/2015,10/07/2015,324.22,322.17,309.5,324.22,322.17,309.5,324.22,322.17,309.5,324.22,322.17,309.5,,643
2015,7,3,11/07/2015,17/07/2015,239.06,236.51,222.38,239.06,236.51,222.38,248.07,248.07,222.38,239.06,236.51,222.38,,644
2015,7,4,18/07/2015,24/07/2015,216.19,214.86,98.33,186.33,140.2,30.26,216.19,214.86,117.95,216.19,214.86,112.52,,645
2015,7,5,25/07/2015,31/07/2015,217.19,216.15,112.52,195.49,119.12,30.26,217.19,216.15,117.95,217.19,216.15,112.52,,646
2015,8,1,01/08/2015,07/08/2015,121.29,120.67,115.36,121.29,120.67,115.36,121.29,120.67,115.36,121.29,120.67,115.36,,647
2015,8,2,08/08/2015,14/08/2015,131.03,130.9,127.05,131.03,130.9,127.05,131.03,130.9,127.05,131.03,130.9,127.05,,648
2015,8,3,15/08/2015,21/08/2015,139.09,139.09,133.16,139.09,139.09,133.16,139.09,139.09,133.16,139.09,139.09,133.16,,649
2015,8,4,22/08/2015,28/08/2015,142.07,142.07,136.11,142.07,142.07,136.11,142.07,142.07,136.11,142.07,142.07,136.11,,650
2015,9,1,29/08/2015,04/09/2015,279.03,279.01,267.9,279.03,279.01,267.9,279.03,279.01,267.9,279.03,279.01,267.9,,651
2015,9,2,05/09/2015,11/09/2015,251.46,250.06,240.36,251.46,250.06,240.36,251.46,250.06,240.36,251.46,250.06,240.36,,652
2015,9,3,12/09/2015,18/09/2015,203.46,203.46,193.63,203.46,203.46,193.63,203.46,203.46,193.63,203.46,203.46,193.63,,653
2015,9,4,19/09/2015,25/09/2015,227.07,224.05,218.15,227.07,224.05,218.15,227.07,224.05,218.15,227.07,224.05,218.15,,654
2015,10,1,26/09/2015,02/10/2015,214.11,210.56,198.83,214.11,210.56,198.83,214.11,210.56,198.83,214.11,210.56,198.83,,655
2015,10,2,03/10/2015,09/10/2015,227.13,222.92,205.88,227.13,222.92,205.88,227.13,222.92,205.88,227.13,222.92,205.88,,656
2015,10,3,10/10/2015,16/10/2015,216.77,210.98,197.57,216.77,210.98,197.57,216.77,210.98,197.57,216.77,210.98,197.57,,657
2015,10,4,17/10/2015,23/10/2015,215.6,214.4,194.1,215.6,214.4,152.81,215.6,214.4,194.1,215.6,214.4,194.1,,658
2015,10,5,24/10/2015,30/10/2015,220.59,220.59,204.74,220.59,220.59,155.85,270.61,265.59,204.74,270.61,265.59,204.74,,659
2015,11,1,31/10/2015,06/11/2015,266.02,265.34,219.09,266.02,265.34,86.95,266.02,265.34,219.09,266.02,265.34,219.09,,660
2015,11,2,07/11/2015,13/11/2015,215.58,215.58,195.18,215.58,215.58,160.54,215.58,215.58,206.79,215.58,215.58,206.79,,661
2015,11,3,14/11/2015,20/11/2015,194.23,194.23,179.31,194.23,194.23,179.31,279.04,279.04,267.66,279.04,279.04,267.66,,662
2015,11,4,21/11/2015,27/11/2015,214.12,214.12,174.05,214.12,214.12,155.85,328,328,314.63,328,328,314.63,,663
2015,12,1,28/11/2015,04/12/2015,153.84,153.84,141.86,153.84,153.84,141.86,376.66,376.66,361.3,196.62,196.62,196.62,,664
2015,12,2,05/12/2015,11/12/2015,140.31,140.31,123.83,140.31,140.31,123.83,328,328,314.63,161.17,159.42,159.42,,665
2015,12,3,12/12/2015,18/12/2015,114.93,114.93,101.63,114.93,114.93,69.37,314.63,314.63,301.8,175.7,175.7,175.7,,666
2015,12,4,19/12/2015,25/12/2015,149.43,145.44,132.45,149.43,145.44,102.99,205.36,205.36,196.99,205.36,205.36,188.18,,667
2016,1,1,26/12/2015,01/01/2016,53.19,52.33,48.15,53.19,52.33,48.15,353.05,343.56,343.56,109.12,109.12,109.12,,668
2016,1,2,02/01/2016,08/01/2016,48.02,48.02,42.5,48.02,48.02,41.84,358.16,358.16,343.56,112.21,112.21,109.27,,669
2016,1,3,09/01/2016,15/01/2016,37.64,37.64,32.46,37.64,37.64,32.46,323.02,323.02,309.85,85.28,85.28,85.28,,670
2016,1,4,16/01/2016,22/01/2016,30.25,30.25,30.25,30.25,30.25,30.25,314.63,314.63,301.8,30.25,30.25,30.25,,671
2016,1,5,23/01/2016,29/01/2016,30.25,30.25,30.25,30.25,30.25,30.25,314.63,314.63,286.47,30.25,30.25,30.25,,672
2016,2,1,30/01/2016,05/02/2016,30.25,30.25,30.25,30.25,30.25,30.25,139.88,139.88,139.88,30.25,30.25,30.25,,673
2016,2,2,06/02/2016,12/02/2016,30.25,30.25,30.25,30.25,30.25,30.25,115.96,111.23,111.23,30.25,30.25,30.25,,674
2016,2,3,13/02/2016,19/02/2016,30.25,30.25,30.25,30.25,30.25,30.25,139.88,139.88,134.18,30.25,30.25,30.25,,675
2016,2,4,20/02/2016,26/02/2016,30.25,30.25,30.25,30.25,30.25,30.25,243.95,243.95,242.45,30.25,30.25,30.25,,676
2016,3,1,27/02/2016,04/03/2016,33.25,33.25,30.25,33.25,33.25,30.25,223.17,223.17,223.17,33.25,33.25,30.25,,677
2016,3,2,05/03/2016,11/03/2016,54.3,54.3,47.76,54.3,54.3,47.76,243.95,243.95,234,54.3,54.3,47.76,,678
2016,3,3,12/03/2016,18/03/2016,31.31,30.65,30.25,31.31,30.65,30.25,263.16,263.16,252.43,31.31,30.65,30.25,,679
2016,3,4,19/03/2016,25/03/2016,30.25,30.25,30.25,30.25,30.25,30.25,253.08,253.08,242.76,30.25,30.25,30.25,,680
2016,4,1,26/03/2016,01/04/2016,43.09,42.63,40.26,43.09,42.63,40.26,269.52,269.52,258.53,43.09,42.63,40.26,,681
2016,4,2,02/04/2016,08/04/2016,44.77,43.77,41.71,44.77,43.77,41.71,280.98,280.98,269.52,44.77,43.77,41.71,,682
2016,4,3,09/04/2016,15/04/2016,49.97,48.24,46.5,49.97,48.24,46.5,279.64,279.64,268.24,49.97,48.24,46.5,,683
2016,4,4,16/04/2016,22/04/2016,53.68,51.98,50.42,53.68,51.98,50.42,267.46,267.46,256.55,53.68,51.98,50.42,,684
2016,4,5,23/04/2016,29/04/2016,54.72,51.41,49.38,54.72,51.41,49.38,279.64,279.64,267.46,54.72,51.41,49.38,,685
2016,5,1,30/04/2016,06/05/2016,89.7,86.99,84.7,89.7,86.99,84.7,103.2,103.2,103.2,89.7,87.82,87.49,,686
2016,5,2,07/05/2016,13/05/2016,84.25,81.43,77.73,84.25,81.43,77.73,99.79,99.79,99.79,84.25,81.86,81.86,,687
2016,5,3,14/05/2016,20/05/2016,79.53,76.46,70.19,79.53,76.46,64.77,99.79,99.79,99.79,79.53,76.46,76.21,,688
2016,5,4,21/05/2016,27/05/2016,77.64,74.96,70.62,77.64,74.96,70.62,99.79,99.79,99.79,80.72,78.11,77.28,,689
2016,6,1,28/05/2016,03/06/2016,62.78,61.03,56.79,62.78,61.03,46.12,145.83,145.83,139.88,145.83,145.83,139.88,,690
2016,6,2,04/06/2016,10/06/2016,64.05,61.34,55.57,64.05,61.34,30.25,115.43,115.43,110.72,96.69,91.29,88.19,,691
2016,6,3,11/06/2016,17/06/2016,64.04,60.23,53.75,64.04,60.23,31.54,139.88,139.88,114.83,93.7,86.41,86.41,,692
2016,6,4,18/06/2016,24/06/2016,61.8,57.64,54.1,61.8,57.64,43.96,114.83,114.83,109.14,109.14,109.14,109.14,,693
2016,7,1,25/06/2016,01/07/2016,76.62,73.97,70.35,76.62,73.97,70.35,104.17,104.12,104.12,104.17,104.12,104.12,,694
2016,7,2,02/07/2016,08/07/2016,85.93,83.1,79.62,85.93,83.1,79.62,104.12,104.12,79.62,86.41,86.41,79.62,,695
2016,7,3,09/07/2016,15/07/2016,90.06,87.05,83.87,90.06,87.05,83.87,108.93,108.93,108.88,108.93,108.93,108.88,,696
2016,7,4,16/07/2016,22/07/2016,85.06,80.51,77.64,85.06,80.51,77.64,113.56,113.56,108.93,113.56,113.56,108.93,,697
2016,7,5,23/07/2016,29/07/2016,81.71,78.47,74.45,81.71,78.47,74.45,119.01,119.01,113.6,119.01,119.01,113.6,,698
2016,8,1,30/07/2016,05/08/2016,120.99,119.01,114.5,120.99,119.01,114.5,120.99,119.01,114.5,120.99,119.01,114.5,,699
2016,8,2,06/08/2016,12/08/2016,122.29,118.29,114.78,122.29,118.29,114.78,122.29,118.29,114.78,122.29,118.29,114.78,,700
2016,8,3,13/08/2016,19/08/2016,119.09,117.09,112.47,119.09,117.09,112.47,119.09,117.09,112.47,119.09,117.09,112.47,,701
2016,8,4,20/08/2016,26/08/2016,102.75,95.68,90.36,102.75,95.68,90.36,115.15,115.15,105.75,115.15,115.15,105.75,,702
2016,8,5,27/08/2016,31/08/2016,150.96,148.65,126.11,150.96,148.65,75.05,150.96,148.65,126.11,150.96,148.65,126.11,,703
2016,9,1,01/09/2016,02/09/2016,154.91,152.96,129.51,154.91,152.96,75.05,154.91,152.96,129.51,154.91,152.96,129.51,,704
2016,9,2,03/09/2016,09/09/2016,163.02,157.73,133.94,163.02,157.73,87.84,163.02,157.73,133.94,163.02,157.73,133.94,,705
2016,9,3,10/09/2016,16/09/2016,155.83,154.51,136.9,155.83,154.51,102.28,155.83,154.51,136.9,155.83,154.51,136.9,,706
2016,9,4,17/09/2016,23/09/2016,150.47,148.62,139.47,150.47,148.62,139.47,150.47,148.62,139.47,150.47,148.62,139.47,,707
2016,9,5,24/09/2016,30/09/2016,161.22,158.49,148.67,161.22,158.49,148.67,161.22,158.49,148.67,161.22,158.49,148.67,,708
2016,10,1,01/10/2016,07/10/2016,217.84,216.18,207.74,217.84,216.18,207.74,217.84,216.18,207.74,217.84,216.18,207.74,,709
2016,10,2,08/10/2016,14/10/2016,217.27,217.27,210.48,217.27,217.27,210.48,217.27,217.27,210.48,217.27,217.27,210.48,,710
2016,10,3,15/10/2016,21/10/2016,195.75,195.75,189.23,195.75,195.75,189.23,195.75,195.75,189.23,195.75,195.75,189.23,,711
2016,10,4,22/10/2016,28/10/2016,168.7,168.7,160.74,168.7,168.7,160.74,168.7,168.7,160.74,168.7,168.7,160.74,,712
2016,10,5,29/10/2016,31/10/2016,235.97,235.97,229.16,235.97,235.97,229.16,235.97,235.97,229.16,235.97,235.97,229.16,,713
2016,11,1,01/11/2016,04/11/2016,181.53,181.32,174.71,181.53,181.32,174.71,181.53,181.32,174.71,181.53,181.32,174.71,,714
2016,11,2,05/11/2016,11/11/2016,186.33,186.33,180.54,186.33,186.33,180.54,186.33,186.33,180.54,186.33,186.33,180.54,,715
2016,11,3,12/11/2016,18/11/2016,171.59,171.59,167.7,171.59,171.59,167.7,171.59,171.59,167.7,171.59,171.59,167.7,,716
2016,11,4,19/11/2016,25/11/2016,155.42,155.42,150.08,155.42,155.42,150.08,155.42,155.42,150.08,155.42,155.42,150.08,,717
2016,12,1,26/11/2016,02/12/2016,144.07,144.07,140.71,144.07,144.07,140.71,144.07,144.07,140.71,144.07,144.07,140.71,,718
2016,12,2,03/12/2016,09/12/2016,102.9,102.9,100.4,102.9,102.9,100.4,102.9,102.9,100.4,102.9,102.9,100.4,,719
2016,12,3,10/12/2016,16/12/2016,122.58,122.58,119.78,122.58,122.58,119.78,122.58,122.58,119.78,122.58,122.58,119.78,,720
2016,12,4,17/12/2016,23/12/2016,143.87,143.87,141.27,143.87,143.87,141.27,143.87,143.87,141.27,143.87,143.87,141.27,,721
2016,12,5,24/12/2016,30/12/2016,113.95,113.95,113.03,113.95,113.95,113.03,113.95,113.95,113.03,113.95,113.95,113.03,,722
2017,1,1,31/12/2016,06/01/2017,141.92,141.92,138.99,141.92,141.92,138.99,141.92,141.92,138.99,141.92,141.92,138.99,,723
2017,1,2,07/01/2017,13/01/2017,102.74,102.74,98.62,102.74,102.74,98.62,138.55,138.55,98.62,102.74,102.74,98.62,,724
2017,1,3,14/01/2017,20/01/2017,129.52,129.52,126.7,129.52,129.52,126.7,139.88,139.88,126.7,129.52,129.52,126.7,,725
2017,1,4,21/01/2017,27/01/2017,131.27,131.27,127.5,131.27,131.27,127.5,139.88,139.88,137.29,131.27,131.27,127.5,,726
2017,2,1,28/01/2017,03/02/2017,101.31,101.31,99.46,101.31,101.31,99.46,171.33,171.33,171.33,101.31,101.31,99.46,,727
2017,2,2,04/02/2017,10/02/2017,112.71,112.71,110.5,112.71,112.71,110.5,171.33,171.33,171.33,112.71,112.71,110.5,,728
2017,2,3,11/02/2017,17/02/2017,122.27,122.27,118.69,122.27,122.27,118.69,159.77,159.77,159.77,122.27,122.27,118.69,,729
2017,2,4,18/02/2017,24/02/2017,133.87,133.87,129.74,133.87,133.87,129.74,159.77,159.77,129.74,33.68,33.68,33.68,,730
2017,3,1,25/02/2017,03/03/2017,186.18,185.54,183,186.18,185.54,183,186.18,185.54,183,33.68,33.68,33.68,,731
2017,3,2,04/03/2017,10/03/2017,186.8,186.8,182.02,186.8,186.8,182.02,186.8,186.8,182.02,33.68,33.68,33.68,,732
2017,3,3,11/03/2017,17/03/2017,241.4,241.4,233.55,241.4,241.4,233.55,246.26,246.26,233.55,33.68,33.68,33.68,,733
2017,3,4,18/03/2017,24/03/2017,221.31,221.31,215.21,221.31,221.31,215.21,426.89,426.89,315.55,33.68,33.68,33.68,,734
2017,3,5,25/03/2017,31/03/2017,238.83,238.83,230.14,238.83,238.83,230.14,426.89,426.89,257.39,33.68,33.68,33.68,,735
2017,4,1,01/04/2017,07/04/2017,431.99,431.99,415.78,431.99,431.99,415.78,431.99,431.99,426.89,33.68,33.68,33.68,,736
2017,4,2,08/04/2017,14/04/2017,362.02,362.02,349.73,362.02,362.02,349.73,362.02,362.02,349.73,33.68,33.68,33.68,,737
2017,4,3,15/04/2017,21/04/2017,355.78,355.78,344,355.78,355.78,344,355.78,355.78,344,33.68,33.68,33.68,,738
2017,4,4,22/04/2017,28/04/2017,333.45,333.45,326.72,333.45,333.45,326.72,333.45,333.45,326.72,33.68,33.68,33.68,,739
2017,5,1,29/04/2017,05/05/2017,457.01,457.01,437.61,457.01,457.01,437.61,457.01,457.01,437.61,33.68,33.68,33.68,,740
2017,5,2,06/05/2017,12/05/2017,474.08,474.08,445.46,474.08,474.08,445.46,474.08,474.08,445.46,33.68,33.68,33.68,,741
2017,5,3,13/05/2017,19/05/2017,488.22,488.22,458.7,488.22,488.22,458.7,488.22,488.22,458.7,145.62,145.62,145.62,,742
2017,5,4,20/05/2017,26/05/2017,486.24,486.24,463.56,486.24,486.24,463.56,486.24,486.24,463.56,484.28,482.87,463.56,,743
2017,6,1,27/05/2017,02/06/2017,169.34,166.86,33.68,169.34,166.86,33.68,169.34,166.86,139.88,169.34,166.86,33.68,,744
2017,6,2,03/06/2017,09/06/2017,144.47,142.26,33.68,33.68,33.68,33.68,144.47,142.26,101.23,144.47,142.26,33.68,,745
2017,6,3,10/06/2017,16/06/2017,141.74,139.88,33.68,33.68,33.68,33.68,141.74,139.88,101.23,141.74,139.88,33.68,,746
2017,6,4,17/06/2017,23/06/2017,173.65,172,83.87,88.79,88.79,83.87,173.65,172,83.87,173.65,172,83.87,,747
2017,6,5,24/06/2017,30/06/2017,201.07,201.07,89.66,92.45,92.45,89.66,201.07,201.07,139.88,201.07,201.07,139.88,,748
2017,7,1,01/07/2017,07/07/2017,234.51,234.33,231.5,234.51,234.33,231.5,234.51,234.33,231.5,234.51,234.33,231.5,,749
2017,7,2,08/07/2017,14/07/2017,255.56,255.55,249.75,255.56,255.55,249.75,255.56,255.55,249.75,255.56,255.55,249.75,,750
2017,7,3,15/07/2017,21/07/2017,269.96,269.96,261.75,269.96,269.96,261.75,269.96,269.96,261.75,269.96,269.96,261.75,,751
2017,7,4,22/07/2017,28/07/2017,272.74,272.74,264.53,272.74,272.74,264.53,272.74,272.74,264.53,272.74,272.74,264.53,,752
2017,8,1,29/07/2017,04/08/2017,519.16,519.16,506.77,519.16,519.16,506.77,519.16,519.16,506.77,519.16,519.16,506.77,,753
2017,8,2,05/08/2017,11/08/2017,533.82,533.82,533.82,533.82,533.82,533.82,533.82,533.82,533.82,533.82,533.82,533.82,,754
2017,8,3,12/08/2017,18/08/2017,529.35,529.35,508.64,529.35,529.35,508.64,529.35,529.35,508.64,529.35,529.35,508.64,,755
2017,8,4,19/08/2017,25/08/2017,512.35,512.35,493.79,512.35,512.35,493.79,512.35,512.35,493.79,512.35,512.35,493.79,,756
2017,9,1,26/08/2017,01/09/2017,452.85,452.85,442.35,452.85,452.85,442.35,452.85,452.85,442.35,452.85,452.85,442.35,,757
2017,9,2,02/09/2017,08/09/2017,499.38,499.38,488.05,499.38,499.38,488.05,499.38,499.38,488.05,499.38,499.38,488.05,,758
2017,9,3,09/09/2017,15/09/2017,533.82,533.82,533.82,533.82,533.82,533.82,533.82,533.82,533.82,533.82,533.82,533.82,,759
2017,9,4,16/09/2017,22/09/2017,533.82,533.82,533.82,533.82,533.82,533.82,533.82,533.82,533.82,533.82,533.82,533.82,,760
2017,9,5,23/09/2017,29/09/2017,533.82,533.82,533.82,533.82,533.82,533.82,533.82,533.82,533.82,533.82,533.82,533.82,,761
2017,10,1,30/09/2017,06/10/2017,533.82,533.82,533.82,533.82,533.82,533.82,533.82,533.82,533.82,533.82,533.82,533.82,,762
2017,10,2,07/10/2017,13/10/2017,533.82,533.82,533.82,533.82,533.82,533.82,533.82,533.82,533.82,533.82,533.82,533.82,,763
2017,10,3,14/10/2017,20/10/2017,533.82,533.82,533.82,533.82,533.82,533.82,533.82,533.82,533.82,533.82,533.82,533.82,,764
2017,10,4,21/10/2017,27/10/2017,533.82,533.82,533.82,533.82,533.82,533.82,533.82,533.82,533.82,533.82,533.82,533.82,,765
2017,11,1,28/10/2017,03/11/2017,533.82,533.82,533.82,533.82,533.82,533.82,533.82,533.82,533.82,533.82,533.82,533.82,,766
2017,11,2,04/11/2017,10/11/2017,493.83,493.83,464.57,493.83,493.83,464.57,493.83,493.83,464.57,493.83,493.83,464.57,,767
2017,11,3,11/11/2017,17/11/2017,485.47,485.47,476.7,485.47,485.47,476.7,485.47,485.47,476.71,485.47,485.47,476.71,,768
2017,11,4,18/11/2017,24/11/2017,453.51,453.51,443.38,453.51,453.51,443.38,453.51,453.51,443.38,453.51,453.51,443.38,,769
2017,12,1,25/11/2017,01/12/2017,209.92,209.92,206.09,209.91,209.91,206.09,209.92,209.92,206.09,209.92,209.92,206.09,,770
2017,12,2,02/12/2017,08/12/2017,221.34,221.34,218.1,221.34,221.34,218.1,221.34,221.34,218.1,221.34,221.34,218.1,,771
2017,12,3,09/12/2017,15/12/2017,215.89,215.89,212.08,215.89,215.89,212.08,215.89,215.89,212.08,215.89,215.89,212.08,,772
2017,12,4,16/12/2017,22/12/2017,276.82,276.82,271.76,276.82,276.82,271.76,276.82,276.82,271.76,276.82,276.82,271.76,,773
2017,12,5,23/12/2017,29/12/2017,245.74,245.74,245.49,245.74,245.74,245.49,245.74,245.74,245.49,245.74,245.74,245.49,,774
2018,1,1,30/12/2017,05/01/2018,198.02,198.02,193.6,201.51,201.51,197.01,183.36,183.36,181.35,169.62,169.62,166.22,,775
2018,1,2,06/01/2018,12/01/2018,178.43,178.43,173.51,179.87,179.87,176.57,180.73,180.73,178.48,167.19,167.19,162.58,,776
2018,1,3,13/01/2018,19/01/2018,165.4,165.4,158.66,168.31,168.31,161.46,162.64,162.64,161.04,142.56,142.56,142.05,,777
2018,1,4,20/01/2018,26/01/2018,197.61,197.61,184.6,194.19,194.19,187.85,194.31,194.31,183.45,148.03,148.03,141.33,,778
2018,2,1,27/01/2018,02/02/2018,179.82,179.82,166.66,151.99,155.66,146.82,183.45,183.45,163.88,79.23,79.23,77.71,,779
2018,2,2,03/02/2018,09/02/2018,183.46,183.46,172.33,180.29,180.29,175.36,180.4,180.4,169.45,40.16,40.16,40.16,,780
2018,2,3,10/02/2018,16/02/2018,173.01,173.01,167.11,176.05,176.05,170.05,170.12,170.12,164.32,40.16,40.16,40.16,,781
2018,2,4,17/02/2018,23/02/2018,213.84,213.84,205.39,217.4,217.4,209,187.33,187.33,178.86,40.16,40.16,40.16,,782
2018,3,1,24/02/2018,02/03/2018,204.9,204.9,196.86,204.9,204.9,196.86,191.13,191.13,185.88,40.16,40.16,40.16,,783
2018,3,2,03/03/2018,09/03/2018,225.57,225.57,219.06,225.57,225.57,219.06,225.57,225.57,219.06,40.16,40.16,40.16,,784
2018,3,3,10/03/2018,16/03/2018,239.04,239.04,230.72,239.04,239.04,230.72,239.04,239.04,230.72,40.16,40.16,40.16,,785
2018,3,4,17/03/2018,23/03/2018,221.87,221.87,215.34,221.87,221.87,215.34,221.87,221.87,212.26,40.16,40.16,40.16,,786
2018,3,5,24/03/2018,30/03/2018,232.78,232.78,223.03,232.78,232.78,223.03,232.78,232.78,223.03,40.16,40.16,40.16,,787
2018,4,1,31/03/2018,06/04/2018,40.16,40.16,40.16,40.16,40.16,40.16,40.16,40.16,40.16,40.16,40.16,40.16,,788
2018,4,2,07/04/2018,13/04/2018,87.61,87.61,79.96,87.61,87.61,79.96,106.83,106.83,106.83,76.94,76.94,79.96,,789
2018,4,3,14/04/2018,20/04/2018,125.33,125.33,118.17,125.33,125.33,118.17,125.33,125.33,118.17,125.33,40.16,40.16,,790
2018,4,4,21/04/2018,27/04/2018,138.72,138.72,131.04,138.72,138.72,131.04,138.72,138.72,131.04,40.16,40.16,40.16,,791
2018,5,1,28/04/2018,04/05/2018,222.65,222.5,209.5,222.65,222.5,209.5,154.51,154.51,154.51,40.16,40.16,40.16,,792
2018,5,2,05/05/2018,11/05/2018,312.82,312.82,293.92,312.82,312.82,293.92,154.51,154.51,154.51,40.16,40.16,40.16,,793
2018,5,3,12/05/2018,18/05/2018,333.78,333.78,313.62,333.78,333.78,313.62,165.95,165.95,165.95,116.25,116.25,112.53,,794
2018,5,4,19/05/2018,25/05/2018,348.43,348.43,327.41,348.43,348.43,327.41,201.88,201.88,201.88,201.88,201.88,201.88,,795
2018,6,1,26/05/2018,01/06/2018,418.96,418.96,380.59,418.96,418.96,380.59,380.83,380.83,380.59,380.83,380.83,380.59,,796
2018,6,2,02/06/2018,08/06/2018,457.54,457.54,411.94,457.54,457.54,411.94,321.06,321.06,321.06,321.06,321.06,321.06,,797
